origin_id,number
E02000001,623
E02000002,69
E02000003,68
E02000004,42
E02000005,73
E02000007,65
E02000008,82
E02000009,98
E02000010,67
E02000011,45
E02000012,113
E02000013,100
E02000014,81
E02000015,65
E02000016,196
E02000017,144
E02000018,135
E02000019,86
E02000020,202
E02000021,68
E02000022,192
E02000023,147
E02000024,114
E02000025,154
E02000026,137
E02000027,125
E02000028,193
E02000029,173
E02000030,93
E02000031,249
E02000032,191
E02000033,196
E02000034,265
E02000035,320
E02000036,152
E02000037,140
E02000038,330
E02000039,260
E02000040,279
E02000041,132
E02000042,399
E02000043,378
E02000044,239
E02000045,390
E02000046,419
E02000047,276
E02000048,360
E02000049,319
E02000050,420
E02000051,454
E02000052,458
E02000053,344
E02000054,384
E02000055,422
E02000056,470
E02000057,454
E02000058,480
E02000059,459
E02000060,465
E02000061,528
E02000062,508
E02000063,530
E02000064,544
E02000065,63
E02000066,64
E02000067,57
E02000068,36
E02000069,47
E02000070,78
E02000071,36
E02000072,34
E02000073,62
E02000074,35
E02000075,49
E02000077,75
E02000078,38
E02000079,54
E02000080,82
E02000081,49
E02000082,151
E02000083,42
E02000084,59
E02000085,59
E02000086,89
E02000087,52
E02000088,61
E02000089,127
E02000090,64
E02000091,60
E02000092,60
E02000093,276
E02000094,325
E02000095,317
E02000096,224
E02000097,400
E02000098,273
E02000099,285
E02000100,225
E02000101,358
E02000102,402
E02000103,509
E02000104,320
E02000105,261
E02000106,419
E02000107,535
E02000108,255
E02000109,375
E02000110,526
E02000111,289
E02000112,369
E02000113,399
E02000114,528
E02000115,561
E02000116,526
E02000117,436
E02000118,314
E02000119,460
E02000120,569
E02000121,367
E02000122,556
E02000123,498
E02000124,576
E02000125,562
E02000126,606
E02000127,201
E02000128,149
E02000130,350
E02000131,355
E02000132,220
E02000133,86
E02000134,172
E02000135,348
E02000136,64
E02000137,169
E02000138,202
E02000139,288
E02000140,60
E02000141,312
E02000142,129
E02000144,138
E02000145,56
E02000146,118
E02000147,143
E02000148,69
E02000149,61
E02000150,186
E02000151,64
E02000152,75
E02000153,114
E02000154,58
E02000155,42
E02000156,136
E02000157,53
E02000158,33
E02000159,62
E02000160,110
E02000161,36
E02000162,45
E02000163,32
E02000165,23
E02000166,573
E02000167,578
E02000168,586
E02000169,563
E02000170,557
E02000171,590
E02000172,594
E02000173,581
E02000174,598
E02000175,563
E02000176,584
E02000177,589
E02000178,569
E02000179,600
E02000180,604
E02000181,571
E02000182,585
E02000183,611
E02000184,626
E02000185,595
E02000186,630
E02000187,641
E02000188,648
E02000189,641
E02000190,644
E02000191,655
E02000192,646
E02000193,652
E02000194,408
E02000195,436
E02000196,435
E02000197,424
E02000198,356
E02000199,326
E02000200,317
E02000201,274
E02000202,348
E02000203,334
E02000204,345
E02000206,274
E02000207,220
E02000208,285
E02000209,282
E02000210,177
E02000211,171
E02000212,273
E02000213,227
E02000214,163
E02000215,173
E02000216,160
E02000217,191
E02000218,136
E02000219,145
E02000220,171
E02000221,154
E02000222,140
E02000223,64
E02000224,134
E02000225,55
E02000226,91
E02000227,72
E02000228,97
E02000229,44
E02000230,95
E02000231,85
E02000232,64
E02000233,73
E02000234,75
E02000235,61
E02000236,72
E02000237,54
E02000238,184
E02000239,225
E02000240,133
E02000241,138
E02000242,287
E02000243,234
E02000244,249
E02000245,116
E02000246,109
E02000247,161
E02000248,403
E02000249,198
E02000250,325
E02000251,181
E02000252,488
E02000253,218
E02000254,144
E02000255,258
E02000256,294
E02000257,386
E02000258,443
E02000259,217
E02000260,137
E02000261,536
E02000262,471
E02000263,95
E02000264,405
E02000265,277
E02000266,143
E02000267,245
E02000268,356
E02000269,313
E02000270,454
E02000271,493
E02000272,296
E02000274,93
E02000275,106
E02000276,363
E02000277,81
E02000278,85
E02000279,88
E02000280,105
E02000281,102
E02000282,112
E02000283,116
E02000284,116
E02000285,118
E02000286,109
E02000287,103
E02000288,146
E02000289,130
E02000290,142
E02000291,135
E02000292,144
E02000293,146
E02000294,172
E02000295,169
E02000296,169
E02000297,209
E02000298,221
E02000299,262
E02000300,264
E02000301,233
E02000302,297
E02000303,298
E02000304,236
E02000305,279
E02000306,332
E02000307,323
E02000308,255
E02000309,363
E02000311,360
E02000312,315
E02000313,80
E02000314,134
E02000315,71
E02000316,281
E02000317,318
E02000318,175
E02000319,219
E02000320,123
E02000321,240
E02000323,234
E02000324,374
E02000326,401
E02000327,240
E02000328,427
E02000329,178
E02000331,351
E02000332,253
E02000333,393
E02000334,339
E02000335,258
E02000337,328
E02000339,39
E02000340,214
E02000341,305
E02000342,130
E02000343,196
E02000344,186
E02000345,523
E02000346,548
E02000347,541
E02000348,533
E02000350,555
E02000351,540
E02000352,545
E02000353,555
E02000354,555
E02000355,554
E02000356,580
E02000357,527
E02000358,597
E02000359,534
E02000360,585
E02000361,584
E02000362,517
E02000363,565
E02000364,590
E02000365,620
E02000366,558
E02000367,589
E02000368,602
E02000369,618
E02000370,629
E02000371,642
E02000372,584
E02000373,540
E02000374,543
E02000375,577
E02000376,567
E02000377,551
E02000378,586
E02000379,539
E02000380,568
E02000381,579
E02000382,553
E02000383,596
E02000384,580
E02000385,579
E02000386,583
E02000387,556
E02000388,576
E02000389,554
E02000390,558
E02000391,612
E02000392,557
E02000393,555
E02000394,599
E02000395,587
E02000396,580
E02000397,381
E02000398,405
E02000400,338
E02000401,387
E02000402,409
E02000403,401
E02000404,439
E02000405,426
E02000406,449
E02000407,459
E02000408,458
E02000409,451
E02000410,426
E02000411,435
E02000412,465
E02000413,477
E02000414,453
E02000415,488
E02000416,525
E02000417,522
E02000418,509
E02000419,526
E02000420,484
E02000421,460
E02000422,508
E02000423,532
E02000424,541
E02000425,513
E02000426,528
E02000427,528
E02000428,533
E02000429,543
E02000430,538
E02000431,567
E02000432,560
E02000433,128
E02000434,173
E02000435,104
E02000436,88
E02000437,104
E02000438,91
E02000439,228
E02000440,165
E02000441,81
E02000442,231
E02000443,134
E02000444,183
E02000445,148
E02000447,119
E02000448,98
E02000449,244
E02000451,120
E02000452,156
E02000453,128
E02000454,105
E02000455,181
E02000456,154
E02000457,128
E02000459,160
E02000460,140
E02000461,212
E02000462,152
E02000463,144
E02000464,18
E02000465,18
E02000466,33
E02000467,21
E02000468,42
E02000469,23
E02000470,19
E02000471,40
E02000472,43
E02000473,20
E02000474,53
E02000475,27
E02000476,44
E02000477,27
E02000478,23
E02000479,39
E02000480,51
E02000481,11
E02000482,14
E02000483,26
E02000484,40
E02000485,23
E02000486,25
E02000487,17
E02000488,23
E02000489,32
E02000490,31
E02000491,37
E02000492,27
E02000493,30
E02000494,54
E02000495,74
E02000496,25
E02000497,87
E02000498,76
E02000499,93
E02000500,81
E02000501,85
E02000502,88
E02000503,92
E02000504,64
E02000506,43
E02000507,56
E02000508,44
E02000509,36
E02000510,59
E02000511,82
E02000512,60
E02000513,97
E02000514,88
E02000515,35
E02000516,86
E02000517,63
E02000518,47
E02000519,85
E02000520,80
E02000521,44
E02000522,41
E02000523,79
E02000524,41
E02000525,59
E02000526,522
E02000528,351
E02000529,133
E02000530,76
E02000531,346
E02000532,464
E02000533,415
E02000534,247
E02000535,121
E02000536,154
E02000537,161
E02000538,99
E02000539,186
E02000540,176
E02000541,119
E02000542,134
E02000543,137
E02000544,158
E02000545,199
E02000546,100
E02000547,84
E02000548,55
E02000549,85
E02000550,58
E02000551,111
E02000552,67
E02000553,76
E02000554,570
E02000555,574
E02000556,576
E02000557,582
E02000558,578
E02000559,562
E02000560,588
E02000561,580
E02000562,583
E02000563,590
E02000564,600
E02000565,596
E02000566,604
E02000567,623
E02000568,617
E02000569,606
E02000570,625
E02000571,628
E02000572,642
E02000573,633
E02000574,632
E02000575,639
E02000576,642
E02000577,606
E02000578,576
E02000579,579
E02000580,614
E02000581,606
E02000582,616
E02000583,615
E02000584,626
E02000585,582
E02000586,619
E02000587,624
E02000588,653
E02000589,625
E02000590,641
E02000591,603
E02000592,639
E02000593,602
E02000594,633
E02000595,627
E02000596,628
E02000597,618
E02000598,204
E02000599,206
E02000600,216
E02000601,202
E02000602,187
E02000603,181
E02000604,163
E02000605,142
E02000606,153
E02000607,143
E02000608,133
E02000609,132
E02000610,119
E02000611,110
E02000612,128
E02000613,104
E02000614,109
E02000615,80
E02000616,75
E02000617,77
E02000619,637
E02000620,629
E02000621,622
E02000622,632
E02000623,629
E02000624,625
E02000625,622
E02000626,613
E02000627,617
E02000628,614
E02000629,609
E02000630,611
E02000631,597
E02000632,595
E02000633,606
E02000634,605
E02000635,583
E02000636,597
E02000637,581
E02000638,588
E02000639,582
E02000640,578
E02000641,560
E02000642,517
E02000643,559
E02000644,523
E02000645,513
E02000646,547
E02000647,510
E02000648,488
E02000649,524
E02000650,445
E02000651,492
E02000652,488
E02000653,566
E02000654,549
E02000655,564
E02000657,533
E02000658,567
E02000659,467
E02000660,528
E02000661,422
E02000662,537
E02000663,502
E02000664,464
E02000665,412
E02000666,482
E02000667,479
E02000668,374
E02000669,403
E02000670,403
E02000671,484
E02000672,393
E02000673,498
E02000674,352
E02000675,310
E02000676,410
E02000677,340
E02000678,303
E02000679,393
E02000680,442
E02000681,329
E02000682,305
E02000683,203
E02000685,406
E02000686,287
E02000687,366
E02000689,489
E02000690,390
E02000691,437
E02000692,334
E02000693,485
E02000694,444
E02000695,476
E02000696,461
E02000697,421
E02000698,188
E02000699,303
E02000700,432
E02000701,459
E02000702,416
E02000703,311
E02000704,212
E02000705,414
E02000706,386
E02000707,336
E02000708,146
E02000709,211
E02000710,334
E02000711,278
E02000712,216
E02000713,171
E02000714,406
E02000715,231
E02000716,342
E02000717,317
E02000718,238
E02000719,429
E02000720,405
E02000721,414
E02000722,451
E02000723,285
E02000724,334
E02000725,489
E02000726,512
E02000727,358
E02000728,224
E02000729,417
E02000730,400
E02000731,357
E02000732,377
E02000733,461
E02000734,415
E02000735,406
E02000736,229
E02000737,293
E02000738,382
E02000739,429
E02000740,437
E02000741,418
E02000742,304
E02000743,451
E02000744,415
E02000745,406
E02000746,283
E02000747,440
E02000748,359
E02000749,403
E02000750,348
E02000751,169
E02000752,67
E02000753,76
E02000754,130
E02000755,156
E02000756,102
E02000757,212
E02000758,140
E02000759,194
E02000760,134
E02000762,166
E02000763,102
E02000764,243
E02000765,164
E02000767,143
E02000768,220
E02000769,86
E02000770,116
E02000772,100
E02000773,140
E02000774,111
E02000776,137
E02000777,312
E02000779,162
E02000780,124
E02000781,111
E02000782,128
E02000783,150
E02000784,382
E02000785,380
E02000786,419
E02000787,423
E02000788,423
E02000789,358
E02000790,273
E02000791,314
E02000792,289
E02000793,166
E02000794,178
E02000795,282
E02000796,115
E02000797,184
E02000798,124
E02000799,171
E02000800,191
E02000801,148
E02000802,123
E02000803,78
E02000804,153
E02000805,159
E02000806,90
E02000807,566
E02000808,645
E02000809,624
E02000810,617
E02000812,634
E02000813,593
E02000814,551
E02000815,641
E02000816,601
E02000817,600
E02000818,630
E02000819,606
E02000820,609
E02000821,619
E02000822,622
E02000823,623
E02000824,602
E02000825,607
E02000826,616
E02000827,620
E02000828,604
E02000829,583
E02000830,608
E02000831,589
E02000832,570
E02000833,590
E02000834,562
E02000835,537
E02000836,547
E02000837,572
E02000838,520
E02000839,470
E02000840,215
E02000841,197
E02000842,179
E02000843,196
E02000844,188
E02000845,120
E02000846,177
E02000847,126
E02000848,127
E02000849,176
E02000850,175
E02000851,161
E02000852,153
E02000853,126
E02000854,161
E02000855,116
E02000856,154
E02000857,112
E02000858,140
E02000859,123
E02000860,110
E02000861,113
E02000863,105
E02000864,542
E02000865,599
E02000866,569
E02000867,544
E02000868,600
E02000869,632
E02000870,592
E02000871,532
E02000872,631
E02000873,580
E02000874,602
E02000875,531
E02000876,620
E02000877,558
E02000878,618
E02000879,597
E02000880,611
E02000881,518
E02000882,574
E02000883,540
E02000884,622
E02000885,598
E02000886,554
E02000887,562
E02000888,595
E02000889,614
E02000890,592
E02000891,525
E02000893,467
E02000894,487
E02000895,152
E02000896,147
E02000897,182
E02000898,177
E02000899,188
E02000900,207
E02000901,190
E02000902,172
E02000903,345
E02000904,249
E02000905,295
E02000906,381
E02000907,254
E02000908,399
E02000909,347
E02000910,353
E02000911,380
E02000912,416
E02000913,386
E02000914,406
E02000915,283
E02000916,449
E02000917,398
E02000918,282
E02000919,425
E02000920,429
E02000921,462
E02000922,428
E02000923,610
E02000924,626
E02000925,624
E02000926,600
E02000927,601
E02000928,532
E02000929,583
E02000930,599
E02000931,615
E02000932,549
E02000933,510
E02000934,564
E02000935,370
E02000936,523
E02000937,560
E02000938,495
E02000939,582
E02000940,544
E02000941,560
E02000942,533
E02000943,580
E02000944,481
E02000945,417
E02000946,533
E02000947,511
E02000948,535
E02000949,559
E02000950,443
E02000951,552
E02000952,545
E02000953,516
E02000954,536
E02000955,528
E02000956,497
E02000957,499
E02000958,490
E02000959,506
E02000960,627
E02000961,610
E02000962,627
E02000963,586
E02000964,600
E02000965,608
E02000966,625
E02000967,647
E02000968,634
E02000969,609
E02000970,645
E02000971,646
E02000972,655
E02000973,615
E02000974,646
E02000975,632
E02000976,618
E02000977,659
E02000978,654
E02000979,650
E02000980,630
E02000981,629
E02000982,643
E02000983,635
E02000984,7
E02000985,7
E02000986,7
E02000987,9
E02000988,7
E02000989,7
E02000990,7
E02000991,9
E02000992,8
E02000993,7
E02000994,7
E02000995,10
E02000996,7
E02000997,8
E02000998,9
E02000999,9
E02001000,9
E02001001,8
E02001002,6
E02001003,6
E02001004,7
E02001005,8
E02001006,8
E02001007,10
E02001008,8
E02001009,8
E02001010,8
E02001011,7
E02001012,8
E02001013,7
E02001014,7
E02001015,8
E02001016,7
E02001017,8
E02001018,7
E02001019,6
E02001020,7
E02001021,10
E02001022,10
E02001023,8
E02001024,10
E02001025,10
E02001026,10
E02001027,10
E02001028,7
E02001029,9
E02001030,7
E02001031,10
E02001032,10
E02001033,10
E02001034,10
E02001035,9
E02001036,10
E02001037,10
E02001038,9
E02001039,10
E02001040,12
E02001041,13
E02001042,12
E02001043,13
E02001044,17
E02001045,14
E02001046,15
E02001047,17
E02001048,15
E02001049,18
E02001050,17
E02001051,17
E02001052,16
E02001053,18
E02001055,17
E02001056,18
E02001057,26
E02001059,20
E02001061,20
E02001062,25
E02001063,24
E02001064,24
E02001065,19
E02001066,24
E02001067,22
E02001068,22
E02001069,24
E02001070,23
E02001071,24
E02001072,22
E02001073,21
E02001074,24
E02001075,24
E02001076,24
E02001077,21
E02001078,24
E02001079,21
E02001080,25
E02001081,20
E02001082,20
E02001083,19
E02001084,22
E02001085,24
E02001086,19
E02001087,21
E02001088,19
E02001089,22
E02001090,22
E02001091,17
E02001092,19
E02001093,18
E02001094,18
E02001095,16
E02001096,17
E02001097,15
E02001098,9
E02001099,9
E02001100,9
E02001101,9
E02001102,9
E02001103,5
E02001104,9
E02001105,11
E02001106,10
E02001107,13
E02001108,9
E02001109,10
E02001110,5
E02001111,10
E02001112,14
E02001113,14
E02001114,14
E02001115,9
E02001116,10
E02001117,5
E02001118,9
E02001119,12
E02001121,14
E02001123,12
E02001124,14
E02001125,17
E02001126,13
E02001127,14
E02001128,16
E02001129,18
E02001130,17
E02001131,18
E02001132,1
E02001133,1
E02001134,2
E02001135,3
E02001136,3
E02001137,5
E02001138,7
E02001139,3
E02001140,6
E02001141,6
E02001142,7
E02001143,4
E02001144,3
E02001145,3
E02001146,4
E02001147,4
E02001148,8
E02001149,10
E02001150,9
E02001151,9
E02001152,14
E02001153,13
E02001154,15
E02001155,16
E02001156,16
E02001157,7
E02001158,9
E02001159,9
E02001160,10
E02001161,17
E02001162,17
E02001163,13
E02001164,18
E02001165,16
E02001166,18
E02001167,15
E02001168,18
E02001169,12
E02001170,15
E02001171,15
E02001172,18
E02001173,18
E02001174,15
E02001175,18
E02001176,15
E02001177,14
E02001178,20
E02001179,18
E02001180,19
E02001181,12
E02001182,17
E02001183,12
E02001184,21
E02001185,6
E02001186,9
E02001187,18
E02001188,16
E02001189,18
E02001190,17
E02001191,15
E02001192,21
E02001193,17
E02001194,21
E02001195,16
E02001196,13
E02001197,20
E02001198,15
E02001199,19
E02001200,18
E02001201,17
E02001202,19
E02001203,8
E02001204,18
E02001205,17
E02001206,11
E02001207,14
E02001208,19
E02001209,20
E02001210,14
E02001211,18
E02001212,19
E02001213,16
E02001214,18
E02001215,9
E02001216,18
E02001217,16
E02001218,15
E02001219,13
E02001220,18
E02001221,13
E02001222,17
E02001223,13
E02001224,10
E02001225,17
E02001226,19
E02001227,16
E02001228,13
E02001229,8
E02001230,12
E02001231,9
E02001232,15
E02001233,17
E02001234,15
E02001235,16
E02001236,15
E02001237,10
E02001238,18
E02001239,18
E02001240,17
E02001241,19
E02001242,20
E02001243,12
E02001244,15
E02001245,17
E02001246,13
E02001247,20
E02001248,15
E02001249,11
E02001250,15
E02001251,9
E02001252,16
E02001253,16
E02001254,15
E02001255,11
E02001256,15
E02001257,16
E02001258,14
E02001259,21
E02001260,15
E02001261,18
E02001262,23
E02001263,8
E02001264,17
E02001265,8
E02001266,17
E02001267,14
E02001268,9
E02001269,18
E02001270,18
E02001271,13
E02001272,19
E02001273,18
E02001274,13
E02001275,10
E02001276,16
E02001277,9
E02001278,14
E02001279,14
E02001280,17
E02001281,15
E02001282,14
E02001283,9
E02001284,11
E02001285,8
E02001286,12
E02001287,6
E02001288,6
E02001289,5
E02001290,7
E02001291,6
E02001292,6
E02001293,5
E02001294,6
E02001295,5
E02001296,4
E02001297,4
E02001298,7
E02001299,8
E02001300,5
E02001301,6
E02001302,7
E02001303,7
E02001304,6
E02001305,7
E02001306,5
E02001307,5
E02001308,7
E02001309,7
E02001310,8
E02001311,10
E02001312,7
E02001313,8
E02001314,9
E02001315,11
E02001316,9
E02001317,8
E02001318,8
E02001319,9
E02001320,6
E02001321,7
E02001322,9
E02001323,10
E02001324,8
E02001325,9
E02001326,7
E02001327,10
E02001328,11
E02001329,10
E02001330,10
E02001331,9
E02001332,9
E02001333,8
E02001334,11
E02001335,7
E02001336,9
E02001337,8
E02001338,10
E02001339,7
E02001340,10
E02001341,9
E02001342,11
E02001343,7
E02001344,7
E02001345,7
E02001346,4
E02001347,9
E02001348,10
E02001349,10
E02001350,11
E02001351,10
E02001352,11
E02001353,9
E02001354,11
E02001355,11
E02001356,10
E02001357,11
E02001358,10
E02001359,11
E02001360,10
E02001361,11
E02001362,10
E02001363,10
E02001364,10
E02001365,11
E02001366,11
E02001367,11
E02001368,10
E02001369,10
E02001370,11
E02001371,11
E02001372,11
E02001373,13
E02001374,14
E02001375,12
E02001376,14
E02001377,14
E02001378,12
E02001380,9
E02001381,13
E02001382,9
E02001383,13
E02001384,12
E02001385,14
E02001386,9
E02001387,9
E02001388,8
E02001389,13
E02001390,13
E02001391,6
E02001392,8
E02001393,8
E02001394,8
E02001395,8
E02001396,11
E02001397,8
E02001398,7
E02001399,8
E02001400,8
E02001401,7
E02001402,7
E02001403,6
E02001404,6
E02001405,4
E02001406,7
E02001407,7
E02001408,7
E02001409,6
E02001410,8
E02001411,8
E02001412,6
E02001413,7
E02001414,7
E02001415,8
E02001416,7
E02001417,5
E02001418,8
E02001419,6
E02001420,8
E02001421,6
E02001422,7
E02001423,5
E02001424,4
E02001425,8
E02001426,7
E02001427,7
E02001428,8
E02001429,7
E02001430,7
E02001431,6
E02001432,6
E02001433,7
E02001434,7
E02001435,7
E02001436,7
E02001437,7
E02001438,7
E02001439,6
E02001440,5
E02001441,6
E02001442,8
E02001443,8
E02001444,9
E02001445,8
E02001446,9
E02001447,9
E02001448,8
E02001449,8
E02001450,9
E02001451,9
E02001452,10
E02001453,9
E02001454,10
E02001455,9
E02001456,8
E02001457,9
E02001458,8
E02001459,9
E02001460,8
E02001461,9
E02001462,8
E02001463,9
E02001464,10
E02001465,9
E02001466,10
E02001467,10
E02001468,10
E02001469,10
E02001470,10
E02001471,10
E02001472,9
E02001473,10
E02001474,10
E02001475,9
E02001476,10
E02001477,10
E02001478,8
E02001479,6
E02001480,5
E02001481,11
E02001482,11
E02001483,9
E02001484,9
E02001485,11
E02001486,11
E02001487,11
E02001488,11
E02001489,8
E02001490,9
E02001491,7
E02001492,6
E02001493,11
E02001494,6
E02001495,11
E02001496,11
E02001497,12
E02001498,11
E02001499,6
E02001500,6
E02001501,12
E02001502,11
E02001503,6
E02001504,10
E02001505,10
E02001506,6
E02001507,8
E02001508,8
E02001509,3
E02001510,2
E02001511,3
E02001512,2
E02001513,3
E02001514,2
E02001515,2
E02001516,3
E02001517,3
E02001518,4
E02001519,4
E02001520,2
E02001521,4
E02001522,6
E02001523,4
E02001524,1
E02001525,4
E02001526,4
E02001527,1
E02001528,5
E02001529,3
E02001530,5
E02001531,5
E02001532,3
E02001533,4
E02001534,5
E02001535,1
E02001536,5
E02001537,5
E02001538,6
E02001539,1
E02001540,1
E02001541,2
E02001542,2
E02001543,3
E02001544,3
E02001545,3
E02001546,3
E02001547,3
E02001548,4
E02001549,3
E02001550,3
E02001551,4
E02001552,3
E02001553,5
E02001554,4
E02001555,3
E02001556,5
E02001557,4
E02001558,6
E02001559,4
E02001560,3
E02001561,4
E02001562,3
E02001563,3
E02001564,2
E02001565,3
E02001566,4
E02001567,5
E02001568,6
E02001569,5
E02001570,6
E02001571,6
E02001572,6
E02001573,5
E02001574,2
E02001575,2
E02001576,4
E02001577,5
E02001578,6
E02001579,6
E02001580,7
E02001581,7
E02001582,7
E02001583,8
E02001584,8
E02001585,7
E02001586,9
E02001587,8
E02001588,9
E02001589,4
E02001590,10
E02001591,8
E02001592,9
E02001593,9
E02001594,8
E02001595,5
E02001596,6
E02001597,5
E02001598,10
E02001599,5
E02001600,10
E02001601,9
E02001602,8
E02001603,6
E02001604,9
E02001605,4
E02001606,3
E02001607,9
E02001608,8
E02001609,2
E02001610,4
E02001611,1
E02001612,3
E02001613,7
E02001614,7
E02001615,8
E02001616,9
E02001617,9
E02001618,7
E02001619,9
E02001620,9
E02001621,9
E02001622,8
E02001623,9
E02001624,9
E02001625,10
E02001626,9
E02001627,9
E02001628,10
E02001629,10
E02001630,10
E02001631,9
E02001632,10
E02001633,7
E02001634,9
E02001635,8
E02001636,10
E02001637,10
E02001638,9
E02001639,9
E02001640,9
E02001642,10
E02001643,8
E02001646,8
E02001647,10
E02001648,9
E02001649,10
E02001650,8
E02001651,8
E02001652,8
E02001653,9
E02001654,10
E02001655,9
E02001656,8
E02001657,8
E02001658,8
E02001659,9
E02001660,8
E02001661,9
E02001662,8
E02001663,8
E02001664,8
E02001665,8
E02001666,9
E02001669,8
E02001670,7
E02001671,9
E02001672,8
E02001673,8
E02001674,7
E02001675,9
E02001676,7
E02001678,7
E02001679,7
E02001680,7
E02001681,7
E02001682,5
E02001683,2
E02001684,12
E02001685,10
E02001686,9
E02001688,9
E02001689,12
E02001690,10
E02001691,11
E02001692,11
E02001693,11
E02001694,9
E02001695,13
E02001696,12
E02001697,11
E02001698,10
E02001699,11
E02001700,9
E02001701,9
E02001702,11
E02001703,5
E02001704,9
E02001705,1
E02001706,12
E02001707,8
E02001708,9
E02001709,9
E02001710,9
E02001711,8
E02001712,10
E02001713,10
E02001714,11
E02001715,8
E02001718,8
E02001719,12
E02001720,10
E02001721,7
E02001722,8
E02001723,10
E02001724,13
E02001725,11
E02001726,8
E02001727,11
E02001728,8
E02001729,11
E02001730,11
E02001731,11
E02001732,9
E02001733,11
E02001734,9
E02001735,11
E02001736,10
E02001737,11
E02001738,5
E02001739,6
E02001740,7
E02001741,9
E02001742,7
E02001743,5
E02001744,7
E02001745,7
E02001746,5
E02001747,5
E02001748,9
E02001749,8
E02001750,8
E02001751,10
E02001752,9
E02001753,5
E02001754,7
E02001755,10
E02001756,8
E02001757,10
E02001758,10
E02001759,10
E02001760,10
E02001761,10
E02001762,10
E02001763,10
E02001764,10
E02001765,10
E02001766,10
E02001767,10
E02001768,5
E02001769,6
E02001770,6
E02001771,5
E02001772,7
E02001773,5
E02001774,10
E02001775,5
E02001776,12
E02001777,11
E02001778,7
E02001779,10
E02001780,6
E02001781,10
E02001782,13
E02001783,8
E02001784,10
E02001785,3
E02001786,7
E02001787,13
E02001788,8
E02001789,6
E02001790,8
E02001791,6
E02001792,5
E02001793,7
E02001794,7
E02001795,5
E02001796,4
E02001797,12
E02001798,8
E02001799,10
E02001800,8
E02001801,5
E02001802,3
E02001803,5
E02001804,6
E02001805,5
E02001806,4
E02001807,7
E02001808,5
E02001809,7
E02001810,8
E02001811,7
E02001812,4
E02001813,3
E02001814,4
E02001815,6
E02001816,4
E02001817,2
E02001818,6
E02001819,5
E02001820,6
E02001821,2
E02001822,6
E02001823,6
E02001824,6
E02001825,8
E02001826,8
E02001827,13
E02001828,11
E02001829,9
E02001830,13
E02001831,10
E02001832,10
E02001833,23
E02001834,19
E02001835,14
E02001836,16
E02001837,21
E02001838,13
E02001839,23
E02001840,21
E02001841,18
E02001842,25
E02001843,23
E02001844,18
E02001845,25
E02001846,18
E02001847,13
E02001848,20
E02001849,18
E02001850,25
E02001851,17
E02001852,18
E02001854,18
E02001855,15
E02001856,16
E02001857,19
E02001858,27
E02001859,25
E02001860,27
E02001861,26
E02001862,29
E02001863,22
E02001864,17
E02001865,27
E02001866,25
E02001867,23
E02001868,17
E02001869,22
E02001870,18
E02001871,17
E02001872,15
E02001873,27
E02001874,21
E02001875,24
E02001876,23
E02001877,23
E02001878,23
E02001879,27
E02001880,19
E02001881,21
E02001882,20
E02001883,19
E02001884,23
E02001886,28
E02001888,19
E02001889,23
E02001890,26
E02001892,20
E02001893,20
E02001895,17
E02001896,23
E02001897,23
E02001898,18
E02001899,26
E02001900,24
E02001901,26
E02001902,20
E02001903,23
E02001904,22
E02001905,24
E02001906,25
E02001907,19
E02001908,23
E02001909,23
E02001910,23
E02001911,24
E02001913,22
E02001914,23
E02001915,22
E02001916,23
E02001918,23
E02001919,23
E02001920,23
E02001921,23
E02001922,22
E02001923,23
E02001924,21
E02001925,23
E02001926,22
E02001927,21
E02001928,21
E02001929,21
E02001930,23
E02001931,21
E02001932,22
E02001933,21
E02001934,21
E02001935,20
E02001936,22
E02001937,21
E02001938,21
E02001939,22
E02001941,21
E02001942,20
E02001943,22
E02001944,20
E02001945,19
E02001946,19
E02001947,20
E02001948,21
E02001949,19
E02001950,15
E02001951,15
E02001952,19
E02001953,18
E02001954,18
E02001955,14
E02001956,12
E02001957,15
E02001958,9
E02001959,10
E02001961,10
E02001962,10
E02001963,10
E02001964,9
E02001965,9
E02001966,10
E02001967,10
E02001968,10
E02001969,10
E02001970,10
E02001971,10
E02001972,10
E02001973,10
E02001974,10
E02001975,8
E02001976,9
E02001977,10
E02001978,8
E02001979,9
E02001980,9
E02001981,10
E02001982,9
E02001983,9
E02001984,10
E02001985,11
E02001986,8
E02001987,10
E02001988,10
E02001989,9
E02001990,8
E02001991,10
E02001992,9
E02001993,9
E02001994,11
E02001995,10
E02001996,9
E02001997,11
E02001998,11
E02001999,12
E02002000,20
E02002001,17
E02002002,16
E02002003,19
E02002004,18
E02002005,18
E02002006,16
E02002007,15
E02002008,17
E02002009,26
E02002010,18
E02002011,12
E02002012,15
E02002013,11
E02002014,21
E02002015,12
E02002016,11
E02002017,21
E02002018,9
E02002019,20
E02002020,7
E02002021,12
E02002022,10
E02002023,6
E02002024,16
E02002025,23
E02002026,13
E02002027,10
E02002028,8
E02002029,26
E02002030,9
E02002031,18
E02002032,19
E02002033,19
E02002034,7
E02002035,25
E02002036,16
E02002037,5
E02002038,18
E02002039,9
E02002040,6
E02002041,7
E02002042,17
E02002043,20
E02002044,24
E02002045,20
E02002046,22
E02002047,23
E02002048,22
E02002049,21
E02002051,25
E02002052,28
E02002053,24
E02002054,26
E02002055,27
E02002056,23
E02002057,25
E02002058,28
E02002059,26
E02002060,30
E02002061,31
E02002062,29
E02002063,28
E02002064,25
E02002065,28
E02002066,28
E02002067,23
E02002068,27
E02002069,22
E02002070,28
E02002071,21
E02002072,26
E02002073,29
E02002074,28
E02002075,22
E02002076,27
E02002077,20
E02002078,28
E02002079,26
E02002080,19
E02002081,14
E02002082,13
E02002083,13
E02002084,11
E02002085,14
E02002086,11
E02002087,14
E02002088,8
E02002089,10
E02002090,19
E02002091,17
E02002092,18
E02002093,21
E02002094,20
E02002095,10
E02002096,15
E02002097,6
E02002098,19
E02002099,15
E02002101,19
E02002102,15
E02002103,19
E02002104,11
E02002105,6
E02002106,7
E02002107,6
E02002108,7
E02002109,15
E02002110,12
E02002111,13
E02002112,14
E02002113,13
E02002114,14
E02002115,14
E02002116,13
E02002117,12
E02002118,13
E02002119,13
E02002120,15
E02002121,15
E02002122,16
E02002123,15
E02002124,17
E02002125,14
E02002126,16
E02002127,19
E02002128,16
E02002129,15
E02002130,18
E02002131,21
E02002132,17
E02002133,19
E02002134,15
E02002135,16
E02002136,18
E02002137,18
E02002138,22
E02002139,20
E02002140,21
E02002141,21
E02002142,18
E02002143,21
E02002144,22
E02002145,18
E02002146,27
E02002147,19
E02002148,21
E02002149,12
E02002150,12
E02002151,9
E02002152,13
E02002153,13
E02002154,12
E02002155,13
E02002156,14
E02002157,12
E02002158,13
E02002159,15
E02002160,15
E02002161,14
E02002162,12
E02002163,15
E02002164,14
E02002165,14
E02002166,15
E02002167,12
E02002168,15
E02002169,15
E02002170,14
E02002171,15
E02002174,15
E02002175,16
E02002176,12
E02002177,16
E02002178,14
E02002179,13
E02002180,16
E02002181,19
E02002182,17
E02002183,1
E02002184,2
E02002185,3
E02002186,1
E02002187,4
E02002188,4
E02002189,3
E02002190,3
E02002191,3
E02002192,4
E02002193,3
E02002194,2
E02002195,5
E02002196,1
E02002197,6
E02002198,6
E02002199,11
E02002200,6
E02002201,11
E02002202,7
E02002203,7
E02002204,6
E02002205,3
E02002206,9
E02002207,6
E02002208,14
E02002209,13
E02002210,9
E02002211,6
E02002212,6
E02002213,5
E02002214,14
E02002215,6
E02002216,7
E02002217,14
E02002218,6
E02002219,6
E02002220,15
E02002221,15
E02002222,6
E02002223,6
E02002224,15
E02002225,7
E02002226,8
E02002227,12
E02002228,16
E02002229,6
E02002230,8
E02002231,7
E02002232,7
E02002233,8
E02002234,11
E02002235,9
E02002236,7
E02002237,7
E02002238,8
E02002239,11
E02002240,8
E02002241,8
E02002242,9
E02002243,9
E02002244,8
E02002245,6
E02002246,11
E02002247,2
E02002248,7
E02002249,8
E02002250,3
E02002251,8
E02002252,8
E02002253,7
E02002254,10
E02002255,8
E02002256,2
E02002257,7
E02002258,11
E02002259,7
E02002260,8
E02002261,7
E02002262,10
E02002263,7
E02002264,7
E02002265,2
E02002266,11
E02002267,10
E02002268,9
E02002269,7
E02002270,6
E02002271,14
E02002272,13
E02002273,11
E02002274,13
E02002275,8
E02002276,14
E02002277,12
E02002278,11
E02002279,14
E02002280,13
E02002281,11
E02002282,12
E02002283,11
E02002284,10
E02002285,13
E02002286,13
E02002287,12
E02002288,9
E02002289,11
E02002290,14
E02002291,10
E02002292,11
E02002293,10
E02002294,11
E02002295,11
E02002296,12
E02002297,10
E02002298,11
E02002299,11
E02002300,9
E02002301,10
E02002302,11
E02002303,9
E02002304,10
E02002305,9
E02002306,7
E02002307,9
E02002308,9
E02002309,10
E02002310,9
E02002311,8
E02002312,10
E02002313,10
E02002314,9
E02002315,8
E02002316,9
E02002317,8
E02002318,9
E02002319,8
E02002320,8
E02002321,8
E02002322,7
E02002323,8
E02002324,8
E02002325,8
E02002326,7
E02002327,6
E02002328,7
E02002329,7
E02002330,3
E02002331,3
E02002332,5
E02002333,6
E02002334,2
E02002335,10
E02002336,10
E02002337,10
E02002338,10
E02002339,10
E02002340,10
E02002341,12
E02002342,11
E02002343,10
E02002344,14
E02002345,13
E02002346,11
E02002347,13
E02002348,13
E02002349,14
E02002350,11
E02002351,8
E02002352,13
E02002353,14
E02002354,14
E02002356,13
E02002357,12
E02002358,13
E02002359,10
E02002360,13
E02002361,14
E02002362,14
E02002363,14
E02002364,12
E02002366,14
E02002367,15
E02002368,13
E02002369,13
E02002370,12
E02002371,15
E02002373,16
E02002374,16
E02002375,17
E02002376,13
E02002377,13
E02002379,12
E02002380,16
E02002381,15
E02002382,13
E02002383,15
E02002384,15
E02002385,15
E02002386,12
E02002387,16
E02002388,17
E02002389,13
E02002390,12
E02002391,16
E02002392,15
E02002393,14
E02002394,13
E02002395,15
E02002396,17
E02002397,16
E02002398,12
E02002399,13
E02002400,13
E02002401,12
E02002402,12
E02002403,8
E02002404,14
E02002405,17
E02002406,7
E02002407,16
E02002408,16
E02002409,16
E02002410,15
E02002411,14
E02002412,13
E02002414,14
E02002415,14
E02002416,11
E02002417,8
E02002418,8
E02002419,14
E02002420,14
E02002421,14
E02002422,13
E02002423,14
E02002424,14
E02002425,15
E02002426,15
E02002427,14
E02002428,14
E02002429,13
E02002430,12
E02002431,10
E02002432,11
E02002433,13
E02002434,15
E02002435,12
E02002436,11
E02002437,12
E02002438,3
E02002439,7
E02002440,3
E02002441,5
E02002442,6
E02002443,13
E02002444,8
E02002445,11
E02002446,5
E02002447,1
E02002448,1
E02002449,1
E02002450,6
E02002451,9
E02002452,3
E02002453,5
E02002454,7
E02002455,2
E02002456,7
E02002457,7
E02002458,7
E02002459,7
E02002460,3
E02002461,4
E02002462,8
E02002463,5
E02002464,4
E02002465,5
E02002466,6
E02002467,7
E02002468,6
E02002469,4
E02002470,3
E02002471,4
E02002472,7
E02002473,4
E02002474,3
E02002475,3
E02002476,4
E02002477,4
E02002478,2
E02002479,4
E02002480,2
E02002481,2
E02002482,2
E02002483,3
E02002484,3
E02002485,3
E02002487,3
E02002488,3
E02002489,3
E02002490,3
E02002491,3
E02002492,4
E02002493,1
E02002494,1
E02002496,9
E02002497,9
E02002498,9
E02002499,9
E02002500,8
E02002501,8
E02002502,9
E02002503,8
E02002504,8
E02002505,9
E02002506,9
E02002507,8
E02002508,8
E02002509,8
E02002510,8
E02002512,8
E02002513,8
E02002514,7
E02002515,4
E02002516,6
E02002517,6
E02002518,4
E02002519,6
E02002520,3
E02002521,1
E02002523,6
E02002524,1
E02002525,8
E02002526,1
E02002529,8
E02002530,1
E02002532,6
E02002533,6
E02002534,6
E02002535,2
E02002536,9
E02002537,9
E02002538,9
E02002539,3
E02002540,9
E02002541,8
E02002542,6
E02002543,6
E02002544,8
E02002545,4
E02002546,8
E02002547,8
E02002548,8
E02002549,6
E02002550,8
E02002551,8
E02002552,8
E02002553,8
E02002554,8
E02002555,5
E02002556,8
E02002557,8
E02002558,5
E02002559,2
E02002560,2
E02002561,2
E02002562,2
E02002563,2
E02002564,2
E02002565,2
E02002566,2
E02002567,2
E02002568,2
E02002569,2
E02002570,2
E02002571,2
E02002572,2
E02002573,3
E02002574,9
E02002575,9
E02002576,9
E02002577,5
E02002578,8
E02002579,8
E02002580,8
E02002581,5
E02002582,6
E02002583,8
E02002584,8
E02002585,8
E02002586,6
E02002587,6
E02002588,6
E02002589,2
E02002590,7
E02002591,8
E02002592,7
E02002593,8
E02002594,7
E02002595,7
E02002596,8
E02002597,8
E02002598,8
E02002599,7
E02002600,10
E02002601,8
E02002602,8
E02002603,8
E02002604,8
E02002605,8
E02002606,8
E02002607,8
E02002608,8
E02002609,8
E02002610,8
E02002611,6
E02002612,7
E02002613,5
E02002614,6
E02002615,5
E02002616,6
E02002617,3
E02002618,6
E02002619,7
E02002620,6
E02002621,4
E02002622,3
E02002623,5
E02002624,9
E02002625,5
E02002626,5
E02002627,5
E02002628,7
E02002629,7
E02002630,6
E02002631,7
E02002632,6
E02002633,4
E02002634,5
E02002635,3
E02002636,4
E02002637,4
E02002638,3
E02002639,5
E02002640,4
E02002641,4
E02002642,4
E02002643,4
E02002644,4
E02002645,4
E02002646,4
E02002647,4
E02002648,4
E02002649,4
E02002650,4
E02002651,4
E02002652,8
E02002653,8
E02002654,8
E02002655,7
E02002656,8
E02002657,8
E02002658,7
E02002659,8
E02002660,7
E02002661,7
E02002662,7
E02002663,8
E02002664,7
E02002665,9
E02002666,8
E02002667,8
E02002668,7
E02002669,8
E02002670,9
E02002671,8
E02002672,7
E02002673,8
E02002674,9
E02002675,8
E02002676,9
E02002677,8
E02002678,9
E02002679,9
E02002680,8
E02002681,8
E02002682,9
E02002684,1
E02002685,1
E02002686,1
E02002687,1
E02002688,1
E02002689,2
E02002691,1
E02002697,3
E02002699,1
E02002700,4
E02002702,4
E02002703,6
E02002704,7
E02002705,9
E02002706,8
E02002708,9
E02002710,9
E02002711,9
E02002712,7
E02002715,2
E02002716,6
E02002717,9
E02002718,6
E02002719,6
E02002725,2
E02002726,3
E02002727,3
E02002728,3
E02002729,3
E02002730,3
E02002731,3
E02002732,3
E02002733,3
E02002734,3
E02002735,3
E02002736,3
E02002737,3
E02002738,3
E02002739,2
E02002740,3
E02002741,3
E02002742,2
E02002743,2
E02002744,3
E02002745,2
E02002746,2
E02002747,2
E02002748,2
E02002749,2
E02002750,1
E02002751,1
E02002752,2
E02002754,2
E02002768,1
E02002771,1
E02002772,4
E02002773,4
E02002774,4
E02002775,5
E02002776,5
E02002777,5
E02002778,5
E02002779,5
E02002780,5
E02002781,5
E02002782,5
E02002783,6
E02002784,5
E02002785,5
E02002786,5
E02002787,6
E02002788,6
E02002789,6
E02002790,5
E02002791,5
E02002792,6
E02002793,6
E02002794,5
E02002795,5
E02002796,6
E02002797,6
E02002798,7
E02002799,6
E02002800,6
E02002801,7
E02002802,7
E02002803,5
E02002804,5
E02002805,6
E02002806,5
E02002807,6
E02002808,5
E02002809,6
E02002810,5
E02002811,5
E02002812,5
E02002813,5
E02002814,5
E02002815,5
E02002816,5
E02002817,4
E02002818,4
E02002819,6
E02002820,6
E02002821,4
E02002822,5
E02002823,6
E02002824,5
E02002825,4
E02002826,5
E02002827,10
E02002828,9
E02002829,11
E02002830,10
E02002831,10
E02002832,10
E02002833,9
E02002834,9
E02002835,9
E02002836,10
E02002837,10
E02002838,9
E02002839,9
E02002842,10
E02002843,10
E02002844,10
E02002845,10
E02002846,9
E02002847,9
E02002848,10
E02002849,10
E02002851,10
E02002852,9
E02002853,9
E02002854,9
E02002855,9
E02002856,9
E02002857,9
E02002858,9
E02002860,9
E02002861,9
E02002862,9
E02002864,1
E02002865,1
E02002867,2
E02002868,3
E02002869,3
E02002871,3
E02002872,3
E02002873,3
E02002874,3
E02002875,3
E02002876,3
E02002877,3
E02002878,3
E02002879,3
E02002880,3
E02002881,4
E02002882,4
E02002883,4
E02002884,4
E02002885,4
E02002886,4
E02002887,4
E02002888,4
E02002889,4
E02002890,4
E02002891,4
E02002892,5
E02002893,4
E02002894,4
E02002895,4
E02002896,4
E02002897,5
E02002898,4
E02002899,4
E02002901,4
E02002902,4
E02002903,3
E02002904,4
E02002911,1
E02002912,1
E02002913,1
E02002914,1
E02002915,1
E02002916,1
E02002917,1
E02002918,1
E02002919,1
E02002920,1
E02002921,1
E02002922,1
E02002923,1
E02002925,1
E02002926,2
E02002927,2
E02002928,2
E02002929,2
E02002930,3
E02002931,3
E02002932,3
E02002933,3
E02002934,3
E02002935,3
E02002936,3
E02002937,3
E02002938,3
E02002939,3
E02002940,3
E02002941,3
E02002942,3
E02002943,3
E02002944,3
E02002945,3
E02002946,3
E02002947,3
E02002948,3
E02002949,3
E02002950,4
E02002951,10
E02002952,10
E02002953,10
E02002954,10
E02002955,10
E02002956,10
E02002957,9
E02002958,10
E02002959,9
E02002960,9
E02002961,9
E02002962,9
E02002963,9
E02002964,9
E02002965,9
E02002966,9
E02002967,9
E02002968,9
E02002969,8
E02002970,8
E02002971,8
E02002972,7
E02002973,8
E02002974,7
E02002975,7
E02002976,7
E02002977,7
E02002978,7
E02002979,7
E02002980,7
E02002981,7
E02002982,7
E02002983,6
E02002984,7
E02002985,13
E02002986,13
E02002987,14
E02002988,4
E02002989,4
E02002990,4
E02002991,4
E02002992,5
E02002993,4
E02002994,3
E02002995,5
E02002996,4
E02002997,4
E02002998,4
E02002999,5
E02003000,11
E02003001,4
E02003002,4
E02003003,3
E02003004,8
E02003005,1
E02003006,2
E02003007,1
E02003008,2
E02003009,1
E02003010,3
E02003011,1
E02003012,10
E02003013,11
E02003014,10
E02003015,12
E02003016,12
E02003017,12
E02003018,10
E02003019,9
E02003020,11
E02003021,12
E02003022,12
E02003023,11
E02003024,12
E02003025,12
E02003026,12
E02003027,13
E02003028,13
E02003029,12
E02003030,12
E02003031,13
E02003032,13
E02003033,13
E02003034,13
E02003036,13
E02003037,13
E02003038,13
E02003039,13
E02003040,13
E02003041,13
E02003043,13
E02003044,13
E02003045,13
E02003046,12
E02003047,13
E02003048,13
E02003049,12
E02003050,13
E02003051,13
E02003052,13
E02003053,12
E02003054,12
E02003055,13
E02003056,13
E02003057,13
E02003058,12
E02003059,13
E02003060,11
E02003061,13
E02003062,13
E02003063,12
E02003064,12
E02003065,5
E02003066,3
E02003067,5
E02003068,11
E02003069,1
E02003070,12
E02003071,1
E02003072,6
E02003073,7
E02003074,1
E02003075,7
E02003076,1
E02003077,4
E02003078,1
E02003093,1
E02003094,4
E02003095,1
E02003096,1
E02003097,1
E02003098,8
E02003099,2
E02003100,6
E02003101,8
E02003102,5
E02003103,4
E02003104,7
E02003105,10
E02003106,11
E02003107,11
E02003108,5
E02003109,10
E02003110,10
E02003111,12
E02003112,12
E02003113,4
E02003114,12
E02003115,12
E02003116,12
E02003117,12
E02003118,12
E02003119,10
E02003120,12
E02003121,12
E02003122,2
E02003123,2
E02003124,2
E02003125,2
E02003126,2
E02003127,2
E02003128,2
E02003129,2
E02003130,2
E02003131,2
E02003132,2
E02003133,2
E02003134,2
E02003135,2
E02003136,2
E02003137,2
E02003138,2
E02003139,2
E02003140,2
E02003141,2
E02003142,2
E02003143,2
E02003144,2
E02003145,2
E02003146,2
E02003147,2
E02003148,2
E02003149,2
E02003150,2
E02003151,2
E02003152,2
E02003153,2
E02003154,3
E02003155,3
E02003156,2
E02003157,2
E02003158,2
E02003159,2
E02003161,2
E02003163,2
E02003164,2
E02003165,2
E02003166,2
E02003167,2
E02003168,2
E02003169,2
E02003170,2
E02003171,2
E02003172,4
E02003173,4
E02003174,4
E02003175,4
E02003176,4
E02003177,4
E02003178,4
E02003179,4
E02003180,4
E02003181,4
E02003182,3
E02003183,4
E02003184,4
E02003185,3
E02003186,3
E02003187,3
E02003188,3
E02003189,3
E02003190,3
E02003191,3
E02003192,3
E02003194,3
E02003195,4
E02003196,3
E02003197,4
E02003198,4
E02003199,4
E02003200,4
E02003201,4
E02003202,4
E02003203,4
E02003204,5
E02003205,4
E02003206,3
E02003207,3
E02003208,2
E02003209,3
E02003210,3
E02003211,3
E02003212,1
E02003214,1
E02003215,1
E02003216,1
E02003217,1
E02003218,1
E02003219,1
E02003220,1
E02003221,1
E02003222,1
E02003223,1
E02003224,1
E02003225,1
E02003226,1
E02003227,1
E02003228,1
E02003229,1
E02003230,1
E02003231,1
E02003232,1
E02003233,1
E02003234,1
E02003235,1
E02003236,1
E02003237,7
E02003238,5
E02003239,7
E02003240,1
E02003241,5
E02003242,7
E02003243,7
E02003244,7
E02003245,7
E02003246,7
E02003247,7
E02003248,7
E02003249,7
E02003250,7
E02003251,7
E02003252,7
E02003253,7
E02003254,7
E02003255,7
E02003257,7
E02003258,6
E02003259,8
E02003260,6
E02003261,7
E02003262,7
E02003263,7
E02003264,8
E02003265,7
E02003266,8
E02003267,8
E02003268,8
E02003269,8
E02003270,8
E02003271,7
E02003272,7
E02003273,7
E02003274,8
E02003275,8
E02003276,8
E02003277,7
E02003278,7
E02003279,9
E02003280,8
E02003281,9
E02003282,8
E02003283,10
E02003284,8
E02003285,9
E02003286,12
E02003287,8
E02003288,8
E02003289,10
E02003290,9
E02003291,6
E02003292,8
E02003293,9
E02003294,8
E02003295,6
E02003296,7
E02003297,7
E02003298,6
E02003299,6
E02003300,6
E02003301,17
E02003302,18
E02003303,22
E02003304,14
E02003305,17
E02003307,6
E02003308,6
E02003309,16
E02003310,19
E02003311,15
E02003312,14
E02003313,4
E02003314,2
E02003315,6
E02003316,4
E02003317,10
E02003318,10
E02003319,11
E02003320,7
E02003321,11
E02003322,6
E02003323,6
E02003324,10
E02003325,7
E02003326,6
E02003327,15
E02003328,16
E02003329,8
E02003330,17
E02003331,6
E02003332,6
E02003333,15
E02003334,15
E02003335,15
E02003336,6
E02003337,15
E02003338,7
E02003339,14
E02003340,13
E02003341,14
E02003342,6
E02003343,6
E02003344,13
E02003345,6
E02003346,13
E02003347,13
E02003348,6
E02003349,6
E02003350,13
E02003351,13
E02003352,7
E02003353,6
E02003354,3
E02003355,5
E02003356,6
E02003357,5
E02003358,5
E02003359,5
E02003360,5
E02003361,4
E02003362,5
E02003363,6
E02003364,6
E02003365,6
E02003366,7
E02003367,1
E02003368,2
E02003369,4
E02003370,6
E02003371,6
E02003372,6
E02003373,4
E02003374,6
E02003375,5
E02003376,1
E02003377,3
E02003378,3
E02003379,3
E02003380,3
E02003381,5
E02003382,3
E02003383,3
E02003384,3
E02003385,3
E02003386,3
E02003387,3
E02003388,6
E02003389,7
E02003390,8
E02003391,9
E02003392,9
E02003393,6
E02003394,7
E02003395,8
E02003396,8
E02003397,7
E02003398,10
E02003399,8
E02003400,9
E02003401,8
E02003402,8
E02003403,7
E02003404,8
E02003405,7
E02003406,8
E02003407,7
E02003408,7
E02003409,7
E02003410,7
E02003411,13
E02003412,5
E02003413,12
E02003414,7
E02003415,7
E02003416,18
E02003417,11
E02003418,20
E02003419,21
E02003420,19
E02003421,5
E02003422,4
E02003423,7
E02003424,7
E02003425,8
E02003426,9
E02003427,7
E02003428,9
E02003429,7
E02003430,9
E02003431,17
E02003432,7
E02003433,6
E02003434,6
E02003435,7
E02003436,9
E02003437,8
E02003438,10
E02003439,8
E02003440,9
E02003441,9
E02003442,9
E02003443,9
E02003444,8
E02003445,10
E02003446,9
E02003447,9
E02003448,8
E02003449,8
E02003450,7
E02003451,6
E02003452,6
E02003453,7
E02003454,7
E02003455,7
E02003456,6
E02003457,7
E02003458,5
E02003459,1
E02003461,6
E02003462,6
E02003463,6
E02003464,6
E02003465,6
E02003466,5
E02003467,6
E02003468,7
E02003469,6
E02003470,6
E02003471,6
E02003472,6
E02003473,6
E02003474,6
E02003475,6
E02003476,6
E02003477,7
E02003478,6
E02003479,6
E02003480,6
E02003481,6
E02003482,8
E02003483,7
E02003484,7
E02003485,7
E02003486,7
E02003487,7
E02003488,6
E02003489,7
E02003490,5
E02003491,9
E02003492,8
E02003493,10
E02003494,8
E02003495,10
E02003496,10
E02003497,9
E02003498,8
E02003499,7
E02003500,7
E02003501,9
E02003502,11
E02003503,10
E02003504,8
E02003505,8
E02003506,10
E02003507,6
E02003508,8
E02003509,9
E02003510,8
E02003511,10
E02003512,8
E02003513,10
E02003514,8
E02003515,7
E02003516,8
E02003517,8
E02003518,9
E02003519,8
E02003520,8
E02003521,8
E02003522,8
E02003523,7
E02003524,11
E02003525,11
E02003526,11
E02003527,12
E02003529,11
E02003530,11
E02003531,10
E02003532,10
E02003533,10
E02003534,10
E02003535,10
E02003536,10
E02003537,10
E02003538,10
E02003539,8
E02003540,10
E02003541,7
E02003542,10
E02003543,7
E02003544,10
E02003545,7
E02003546,10
E02003547,7
E02003548,9
E02003549,7
E02003550,5
E02003551,6
E02003552,5
E02003553,8
E02003554,7
E02003555,4
E02003556,6
E02003557,7
E02003558,6
E02003559,7
E02003560,5
E02003561,7
E02003562,6
E02003563,6
E02003564,6
E02003565,7
E02003566,6
E02003567,7
E02003568,7
E02003569,7
E02003570,7
E02003571,7
E02003572,7
E02003573,7
E02003574,8
E02003575,7
E02003576,7
E02003577,6
E02003578,7
E02003579,7
E02003580,6
E02003581,2
E02003582,2
E02003583,3
E02003584,2
E02003585,4
E02003586,3
E02003587,2
E02003588,3
E02003589,3
E02003590,1
E02003591,3
E02003593,2
E02003594,2
E02003595,3
E02003596,2
E02003597,2
E02003599,4
E02003600,4
E02003601,2
E02003602,3
E02003603,2
E02003604,2
E02003605,5
E02003606,3
E02003607,3
E02003608,3
E02003609,3
E02003610,5
E02003611,2
E02003612,4
E02003613,6
E02003614,5
E02003615,5
E02003616,1
E02003617,1
E02003618,1
E02003619,2
E02003620,1
E02003621,2
E02003622,3
E02003623,1
E02003624,2
E02003625,2
E02003626,2
E02003627,2
E02003628,2
E02003629,3
E02003630,2
E02003631,2
E02003632,2
E02003633,2
E02003634,2
E02003635,2
E02003636,9
E02003637,8
E02003638,3
E02003639,3
E02003640,3
E02003641,2
E02003642,8
E02003643,3
E02003644,7
E02003645,8
E02003646,7
E02003647,7
E02003648,7
E02003649,7
E02003650,6
E02003651,8
E02003652,4
E02003653,4
E02003654,7
E02003655,4
E02003656,6
E02003657,6
E02003658,3
E02003659,3
E02003660,6
E02003661,1
E02003662,3
E02003663,2
E02003664,3
E02003665,3
E02003666,3
E02003667,3
E02003668,3
E02003669,3
E02003670,3
E02003671,3
E02003672,3
E02003673,3
E02003674,1
E02003675,5
E02003676,6
E02003677,9
E02003678,9
E02003679,9
E02003680,6
E02003681,9
E02003682,9
E02003683,13
E02003685,11
E02003686,17
E02003687,16
E02003688,9
E02003689,17
E02003690,26
E02003691,7
E02003692,11
E02003693,6
E02003694,6
E02003695,18
E02003696,4
E02003697,4
E02003698,6
E02003701,4
E02003702,2
E02003703,4
E02003704,5
E02003705,4
E02003706,4
E02003707,4
E02003708,4
E02003709,4
E02003710,4
E02003711,3
E02003712,2
E02003713,6
E02003714,7
E02003715,2
E02003716,8
E02003717,3
E02003718,4
E02003719,5
E02003720,5
E02003721,5
E02003722,5
E02003723,5
E02003724,5
E02003725,5
E02003726,5
E02003727,5
E02003728,5
E02003729,5
E02003730,5
E02003731,5
E02003734,1
E02003735,1
E02003737,3
E02003738,3
E02003739,3
E02003740,7
E02003742,2
E02003743,2
E02003744,2
E02003745,2
E02003747,4
E02003749,2
E02003753,7
E02003754,5
E02003756,1
E02003757,3
E02003758,1
E02003760,3
E02003761,3
E02003762,4
E02003763,3
E02003764,4
E02003765,3
E02003766,5
E02003768,3
E02003769,5
E02003770,4
E02003771,4
E02003772,4
E02003773,2
E02003774,2
E02003775,1
E02003776,2
E02003777,2
E02003778,5
E02003779,2
E02003780,2
E02003781,5
E02003783,5
E02003784,3
E02003785,5
E02003786,5
E02003787,1
E02003788,6
E02003789,5
E02003790,1
E02003791,3
E02003792,2
E02003793,1
E02003794,5
E02003795,6
E02003796,5
E02003797,5
E02003798,5
E02003799,5
E02003800,5
E02003801,6
E02003802,5
E02003803,5
E02003804,5
E02003805,5
E02003806,5
E02003807,5
E02003808,5
E02003809,3
E02003811,3
E02003812,6
E02003813,4
E02003814,4
E02003815,5
E02003816,6
E02003817,4
E02003818,6
E02003819,6
E02003820,5
E02003821,4
E02003822,9
E02003823,10
E02003824,7
E02003825,5
E02003826,5
E02003827,5
E02003828,5
E02003829,4
E02003830,4
E02003831,3
E02003832,4
E02003833,4
E02003834,4
E02003835,3
E02003836,4
E02003837,3
E02003838,3
E02003839,3
E02003840,2
E02003841,4
E02003842,5
E02003843,5
E02003844,4
E02003845,6
E02003846,5
E02003847,5
E02003848,5
E02003849,6
E02003850,5
E02003851,7
E02003852,6
E02003853,9
E02003854,11
E02003855,11
E02003856,18
E02003857,13
E02003858,13
E02003859,7
E02003860,12
E02003861,4
E02003862,8
E02003863,4
E02003864,8
E02003865,8
E02003866,8
E02003867,5
E02003868,5
E02003869,5
E02003870,5
E02003871,4
E02003872,4
E02003873,4
E02003874,2
E02003875,5
E02003876,3
E02003877,5
E02003878,3
E02003879,3
E02003880,3
E02003881,3
E02003882,3
E02003883,3
E02003884,3
E02003885,4
E02003886,3
E02003887,3
E02003888,4
E02003889,4
E02003890,5
E02003891,3
E02003892,1
E02003893,1
E02003894,1
E02003895,1
E02003896,1
E02003897,1
E02003899,1
E02003900,1
E02003902,2
E02003905,1
E02003906,3
E02003907,3
E02003908,2
E02003909,3
E02003910,3
E02003911,4
E02003912,1
E02003913,4
E02003914,2
E02003915,2
E02003916,1
E02003917,1
E02003918,2
E02003919,3
E02003920,3
E02003921,3
E02003922,3
E02003923,1
E02003924,1
E02003925,3
E02003926,2
E02003927,4
E02003928,2
E02003929,2
E02003930,2
E02003932,1
E02003936,1
E02003937,1
E02003938,1
E02003939,1
E02003940,1
E02003941,1
E02003942,1
E02003943,1
E02003944,1
E02003945,1
E02003946,1
E02003947,1
E02003948,1
E02003949,1
E02003951,1
E02003953,1
E02003965,1
E02003966,2
E02003967,2
E02003968,1
E02003969,1
E02003970,1
E02003971,1
E02003972,2
E02003973,2
E02003974,2
E02003975,2
E02003977,2
E02003978,2
E02003979,2
E02003980,2
E02003981,2
E02003982,2
E02003983,2
E02003984,2
E02003985,1
E02003986,1
E02003989,1
E02003990,1
E02003991,1
E02003992,1
E02003993,1
E02003994,1
E02003995,1
E02003996,1
E02003997,1
E02003998,1
E02003999,1
E02004000,1
E02004001,1
E02004002,1
E02004003,1
E02004004,1
E02004005,1
E02004006,1
E02004009,1
E02004010,1
E02004011,1
E02004012,1
E02004016,1
E02004017,2
E02004018,2
E02004019,2
E02004020,2
E02004021,1
E02004022,1
E02004024,3
E02004025,3
E02004026,2
E02004028,2
E02004029,3
E02004030,3
E02004031,3
E02004032,3
E02004033,3
E02004034,3
E02004035,3
E02004036,3
E02004037,3
E02004038,3
E02004039,5
E02004040,4
E02004041,2
E02004043,5
E02004044,6
E02004045,3
E02004046,2
E02004047,2
E02004048,2
E02004049,2
E02004050,2
E02004051,2
E02004052,4
E02004053,3
E02004054,3
E02004055,3
E02004056,3
E02004057,2
E02004058,4
E02004059,1
E02004060,3
E02004061,3
E02004062,1
E02004063,1
E02004064,1
E02004066,1
E02004067,1
E02004069,2
E02004070,1
E02004071,1
E02004072,1
E02004073,1
E02004078,4
E02004080,6
E02004081,6
E02004082,7
E02004083,7
E02004084,7
E02004085,4
E02004086,6
E02004087,3
E02004088,3
E02004089,3
E02004090,5
E02004091,3
E02004092,3
E02004093,6
E02004094,8
E02004095,6
E02004096,8
E02004097,7
E02004098,6
E02004100,6
E02004102,2
E02004103,2
E02004104,2
E02004105,6
E02004106,7
E02004108,7
E02004109,7
E02004110,7
E02004111,1
E02004115,3
E02004116,2
E02004117,2
E02004118,2
E02004119,4
E02004120,6
E02004121,5
E02004122,4
E02004123,2
E02004124,3
E02004125,3
E02004126,3
E02004128,3
E02004134,3
E02004142,2
E02004144,1
E02004149,3
E02004150,3
E02004151,3
E02004152,3
E02004153,3
E02004154,3
E02004155,3
E02004156,3
E02004157,3
E02004158,3
E02004159,2
E02004160,3
E02004161,3
E02004162,3
E02004163,2
E02004166,1
E02004167,1
E02004168,1
E02004169,1
E02004170,1
E02004171,2
E02004173,1
E02004174,2
E02004178,2
E02004179,2
E02004180,2
E02004181,2
E02004182,2
E02004183,3
E02004184,2
E02004185,3
E02004186,3
E02004189,2
E02004191,2
E02004192,2
E02004196,1
E02004197,2
E02004201,2
E02004202,3
E02004204,1
E02004205,2
E02004206,2
E02004207,1
E02004208,2
E02004209,3
E02004210,3
E02004211,3
E02004212,2
E02004213,2
E02004214,3
E02004215,2
E02004216,3
E02004218,2
E02004219,2
E02004220,2
E02004221,2
E02004222,2
E02004223,2
E02004224,1
E02004227,1
E02004228,1
E02004229,1
E02004230,1
E02004234,1
E02004235,1
E02004236,3
E02004237,3
E02004238,3
E02004239,3
E02004240,4
E02004241,3
E02004242,4
E02004243,2
E02004244,2
E02004245,2
E02004246,4
E02004247,1
E02004248,2
E02004249,2
E02004250,4
E02004251,4
E02004252,2
E02004253,4
E02004254,3
E02004255,1
E02004256,1
E02004263,1
E02004264,3
E02004265,1
E02004266,1
E02004267,1
E02004269,2
E02004270,2
E02004271,1
E02004272,1
E02004273,1
E02004274,1
E02004275,1
E02004276,1
E02004277,2
E02004278,2
E02004279,1
E02004280,2
E02004281,2
E02004282,2
E02004283,2
E02004284,2
E02004285,2
E02004286,2
E02004287,2
E02004288,1
E02004289,1
E02004290,5
E02004291,5
E02004292,5
E02004293,5
E02004294,5
E02004295,4
E02004296,4
E02004297,6
E02004298,1
E02004299,6
E02004300,4
E02004301,6
E02004302,5
E02004303,1
E02004304,1
E02004305,1
E02004306,3
E02004307,2
E02004308,4
E02004309,4
E02004310,2
E02004311,2
E02004312,4
E02004313,3
E02004314,2
E02004315,4
E02004316,2
E02004317,2
E02004318,2
E02004319,2
E02004320,4
E02004321,4
E02004322,4
E02004323,5
E02004324,4
E02004325,4
E02004326,4
E02004327,4
E02004328,3
E02004329,3
E02004330,4
E02004331,4
E02004332,6
E02004333,3
E02004334,4
E02004335,2
E02004336,3
E02004337,2
E02004338,2
E02004339,2
E02004340,3
E02004341,2
E02004342,3
E02004343,3
E02004344,3
E02004345,1
E02004349,1
E02004350,1
E02004351,2
E02004352,2
E02004353,1
E02004354,1
E02004355,1
E02004356,1
E02004358,1
E02004368,4
E02004369,3
E02004370,4
E02004371,3
E02004372,3
E02004373,4
E02004374,3
E02004375,4
E02004376,3
E02004377,4
E02004378,4
E02004379,1
E02004380,1
E02004381,6
E02004383,6
E02004384,7
E02004385,5
E02004386,5
E02004387,5
E02004388,5
E02004392,2
E02004394,5
E02004395,1
E02004396,3
E02004397,5
E02004398,4
E02004399,4
E02004400,4
E02004401,4
E02004402,4
E02004403,2
E02004404,2
E02004405,2
E02004406,1
E02004407,3
E02004408,1
E02004409,3
E02004410,1
E02004411,1
E02004412,2
E02004413,1
E02004414,1
E02004416,1
E02004417,1
E02004418,1
E02004419,1
E02004422,1
E02004424,6
E02004425,6
E02004426,5
E02004427,5
E02004428,8
E02004429,6
E02004430,10
E02004431,8
E02004432,7
E02004433,9
E02004434,8
E02004435,8
E02004436,8
E02004437,9
E02004438,9
E02004439,6
E02004440,8
E02004441,9
E02004442,9
E02004443,9
E02004444,7
E02004445,9
E02004447,2
E02004448,1
E02004449,1
E02004452,2
E02004453,2
E02004454,2
E02004455,2
E02004456,2
E02004457,2
E02004458,3
E02004459,1
E02004460,4
E02004461,5
E02004462,5
E02004463,6
E02004464,2
E02004465,6
E02004466,5
E02004467,5
E02004468,3
E02004469,7
E02004470,8
E02004471,8
E02004472,6
E02004473,14
E02004474,13
E02004475,12
E02004476,13
E02004477,12
E02004478,12
E02004479,12
E02004480,8
E02004481,6
E02004482,7
E02004483,6
E02004484,5
E02004485,4
E02004486,5
E02004487,4
E02004488,5
E02004489,6
E02004490,5
E02004491,5
E02004492,5
E02004493,4
E02004494,5
E02004495,3
E02004496,5
E02004497,3
E02004498,4
E02004499,3
E02004500,6
E02004501,4
E02004502,7
E02004503,5
E02004504,5
E02004505,6
E02004506,2
E02004507,2
E02004508,1
E02004509,1
E02004512,1
E02004513,1
E02004514,1
E02004515,2
E02004516,1
E02004517,1
E02004518,1
E02004519,1
E02004520,1
E02004521,1
E02004522,1
E02004523,1
E02004524,1
E02004525,2
E02004527,4
E02004528,13
E02004529,4
E02004530,5
E02004531,14
E02004532,15
E02004533,42
E02004534,45
E02004535,52
E02004536,24
E02004537,41
E02004538,54
E02004539,47
E02004540,90
E02004541,116
E02004542,84
E02004543,89
E02004544,5
E02004545,7
E02004546,9
E02004547,9
E02004548,4
E02004549,6
E02004550,7
E02004551,5
E02004552,11
E02004553,6
E02004554,8
E02004555,1
E02004556,3
E02004557,3
E02004558,3
E02004559,3
E02004561,2
E02004563,4
E02004564,9
E02004565,9
E02004566,8
E02004567,12
E02004568,13
E02004569,8
E02004570,13
E02004571,11
E02004572,6
E02004573,1
E02004574,1
E02004575,1
E02004576,1
E02004577,1
E02004578,2
E02004579,2
E02004580,2
E02004581,2
E02004582,2
E02004584,2
E02004585,2
E02004586,2
E02004587,2
E02004588,2
E02004589,2
E02004590,1
E02004592,1
E02004594,1
E02004595,2
E02004596,2
E02004597,1
E02004598,1
E02004599,5
E02004600,4
E02004601,4
E02004602,4
E02004603,4
E02004604,4
E02004605,4
E02004606,4
E02004607,4
E02004608,4
E02004609,4
E02004610,4
E02004611,4
E02004612,4
E02004613,4
E02004614,4
E02004616,1
E02004618,3
E02004625,1
E02004627,1
E02004628,2
E02004629,2
E02004630,1
E02004631,1
E02004632,1
E02004633,1
E02004636,4
E02004637,4
E02004638,4
E02004639,4
E02004640,5
E02004641,6
E02004642,5
E02004643,4
E02004644,3
E02004645,6
E02004646,4
E02004647,3
E02004648,3
E02004649,2
E02004650,2
E02004651,1
E02004652,2
E02004653,2
E02004654,2
E02004655,2
E02004656,2
E02004657,2
E02004658,2
E02004659,2
E02004660,2
E02004663,2
E02004664,2
E02004666,4
E02004667,1
E02004668,3
E02004669,4
E02004670,4
E02004671,2
E02004672,4
E02004673,4
E02004674,6
E02004675,7
E02004676,6
E02004677,3
E02004678,7
E02004679,6
E02004680,6
E02004681,6
E02004682,6
E02004683,6
E02004684,6
E02004685,6
E02004686,6
E02004687,6
E02004688,6
E02004689,6
E02004690,6
E02004691,6
E02004692,6
E02004693,6
E02004695,6
E02004696,5
E02004697,1
E02004700,1
E02004704,1
E02004706,1
E02004707,1
E02004708,1
E02004709,4
E02004710,5
E02004712,6
E02004713,7
E02004714,7
E02004715,7
E02004716,7
E02004717,8
E02004718,7
E02004719,8
E02004720,6
E02004721,6
E02004722,6
E02004723,7
E02004724,7
E02004725,4
E02004726,4
E02004727,7
E02004728,6
E02004729,9
E02004730,8
E02004731,6
E02004732,6
E02004733,6
E02004734,10
E02004735,9
E02004736,11
E02004737,8
E02004738,11
E02004739,6
E02004740,5
E02004741,7
E02004742,5
E02004743,4
E02004744,4
E02004745,4
E02004746,4
E02004747,3
E02004748,3
E02004749,3
E02004750,3
E02004751,7
E02004752,7
E02004753,7
E02004754,4
E02004755,6
E02004756,8
E02004757,6
E02004758,6
E02004759,5
E02004760,5
E02004761,6
E02004764,8
E02004765,11
E02004766,10
E02004767,11
E02004768,11
E02004769,11
E02004770,11
E02004771,11
E02004772,11
E02004775,11
E02004776,6
E02004777,4
E02004778,3
E02004779,1
E02004780,3
E02004781,3
E02004782,4
E02004783,4
E02004784,2
E02004785,2
E02004786,2
E02004788,2
E02004790,2
E02004793,1
E02004794,2
E02004795,1
E02004796,2
E02004797,1
E02004798,2
E02004799,2
E02004800,2
E02004801,1
E02004802,6
E02004803,6
E02004804,6
E02004805,6
E02004806,6
E02004807,6
E02004808,6
E02004809,6
E02004810,7
E02004811,5
E02004812,7
E02004813,8
E02004814,1
E02004815,1
E02004816,1
E02004817,1
E02004818,1
E02004819,1
E02004820,1
E02004823,4
E02004824,4
E02004825,5
E02004826,1
E02004827,6
E02004828,4
E02004829,2
E02004830,3
E02004831,4
E02004832,1
E02004833,4
E02004834,4
E02004835,4
E02004836,4
E02004837,4
E02004838,7
E02004839,2
E02004840,6
E02004841,6
E02004842,6
E02004843,12
E02004844,13
E02004845,13
E02004846,20
E02004847,27
E02004848,28
E02004849,26
E02004850,33
E02004851,31
E02004852,39
E02004853,39
E02004854,45
E02004855,64
E02004856,11
E02004857,3
E02004858,4
E02004859,6
E02004860,9
E02004861,9
E02004862,9
E02004863,12
E02004864,9
E02004865,14
E02004866,14
E02004867,8
E02004868,9
E02004869,8
E02004870,9
E02004871,16
E02004872,9
E02004873,18
E02004874,16
E02004875,16
E02004876,17
E02004877,19
E02004878,2
E02004879,5
E02004880,2
E02004881,3
E02004882,3
E02004883,5
E02004884,4
E02004885,4
E02004886,7
E02004887,10
E02004888,6
E02004889,11
E02004890,10
E02004891,8
E02004892,8
E02004893,12
E02004894,12
E02004895,12
E02004896,51
E02004897,48
E02004898,56
E02004899,41
E02004900,41
E02004901,57
E02004902,66
E02004903,41
E02004904,64
E02004905,65
E02004906,105
E02004907,46
E02004908,57
E02004909,1
E02004910,1
E02004911,6
E02004912,7
E02004913,4
E02004914,5
E02004915,7
E02004916,6
E02004917,5
E02004918,7
E02004919,6
E02004920,7
E02004921,7
E02004922,7
E02004923,10
E02004924,12
E02004925,12
E02004926,15
E02004927,9
E02004928,12
E02004929,12
E02004930,12
E02004931,12
E02004932,13
E02004933,13
E02004934,13
E02004935,18
E02004936,10
E02004937,18
E02004938,8
E02004939,12
E02004940,18
E02004941,19
E02004942,20
E02004943,24
E02004944,4
E02004945,6
E02004946,4
E02004947,4
E02004948,7
E02004949,7
E02004950,6
E02004951,7
E02004952,9
E02004953,9
E02004954,9
E02004955,10
E02004956,20
E02004957,25
E02004958,18
E02004959,21
E02004960,15
E02004961,21
E02004962,23
E02004963,43
E02004964,16
E02004965,53
E02004966,47
E02004967,49
E02004968,31
E02004969,32
E02004970,39
E02004971,35
E02004972,43
E02004973,37
E02004974,29
E02004975,30
E02004976,35
E02004977,35
E02004978,30
E02004979,46
E02004980,10
E02004981,12
E02004982,13
E02004983,11
E02004984,9
E02004985,10
E02004986,11
E02004987,11
E02004988,10
E02004989,10
E02004990,10
E02004991,10
E02004992,16
E02004993,19
E02004994,34
E02004995,31
E02004996,1
E02004997,2
E02004998,1
E02004999,1
E02005000,1
E02005001,1
E02005002,1
E02005003,1
E02005004,1
E02005005,1
E02005006,1
E02005007,1
E02005008,1
E02005009,1
E02005011,1
E02005015,1
E02005016,1
E02005017,1
E02005018,1
E02005019,1
E02005022,1
E02005026,1
E02005028,30
E02005029,19
E02005030,34
E02005031,19
E02005032,24
E02005033,23
E02005034,39
E02005035,21
E02005036,34
E02005037,36
E02005038,34
E02005039,20
E02005040,15
E02005041,2
E02005042,2
E02005043,2
E02005044,2
E02005045,2
E02005047,2
E02005048,2
E02005049,2
E02005050,2
E02005051,2
E02005052,2
E02005053,2
E02005054,1
E02005055,16
E02005056,17
E02005057,9
E02005058,17
E02005059,17
E02005060,18
E02005061,9
E02005062,10
E02005063,17
E02005064,9
E02005065,10
E02005066,10
E02005067,4
E02005068,4
E02005069,11
E02005070,11
E02005071,12
E02005072,11
E02005073,11
E02005074,10
E02005075,10
E02005076,12
E02005077,12
E02005078,4
E02005079,11
E02005080,10
E02005081,8
E02005082,10
E02005083,9
E02005084,4
E02005085,8
E02005086,4
E02005087,28
E02005088,41
E02005089,27
E02005090,15
E02005091,21
E02005093,3
E02005094,4
E02005095,5
E02005096,5
E02005097,4
E02005098,4
E02005099,4
E02005100,3
E02005101,3
E02005103,1
E02005104,1
E02005105,1
E02005107,1
E02005109,1
E02005110,2
E02005111,1
E02005112,2
E02005113,2
E02005114,2
E02005115,1
E02005116,1
E02005117,1
E02005118,1
E02005119,1
E02005120,1
E02005121,4
E02005122,7
E02005123,5
E02005124,5
E02005125,4
E02005126,5
E02005127,5
E02005128,1
E02005129,1
E02005130,1
E02005131,1
E02005132,2
E02005133,2
E02005134,2
E02005135,2
E02005136,2
E02005137,2
E02005138,2
E02005139,2
E02005140,2
E02005141,2
E02005142,2
E02005143,2
E02005144,2
E02005145,2
E02005146,2
E02005147,2
E02005148,2
E02005149,12
E02005150,11
E02005151,13
E02005153,12
E02005154,4
E02005155,9
E02005156,7
E02005157,4
E02005158,4
E02005159,4
E02005160,4
E02005161,4
E02005162,7
E02005163,3
E02005164,3
E02005165,2
E02005166,3
E02005167,3
E02005168,3
E02005169,3
E02005170,3
E02005171,3
E02005172,2
E02005173,3
E02005174,3
E02005175,2
E02005176,5
E02005177,6
E02005178,5
E02005179,5
E02005180,4
E02005181,4
E02005182,6
E02005183,6
E02005184,4
E02005185,6
E02005186,4
E02005189,11
E02005190,9
E02005191,10
E02005192,10
E02005193,12
E02005194,9
E02005195,8
E02005196,8
E02005197,8
E02005198,8
E02005199,10
E02005200,8
E02005201,8
E02005202,9
E02005203,4
E02005204,9
E02005205,6
E02005206,4
E02005207,4
E02005208,2
E02005209,6
E02005210,3
E02005211,3
E02005212,3
E02005213,5
E02005214,6
E02005215,6
E02005216,6
E02005217,5
E02005218,4
E02005219,4
E02005220,4
E02005221,3
E02005222,2
E02005223,4
E02005224,4
E02005225,4
E02005226,4
E02005228,3
E02005229,4
E02005230,4
E02005231,4
E02005233,4
E02005234,4
E02005235,4
E02005236,3
E02005237,4
E02005238,4
E02005239,4
E02005240,2
E02005241,2
E02005242,4
E02005243,4
E02005244,4
E02005245,4
E02005246,4
E02005247,4
E02005248,4
E02005249,4
E02005250,4
E02005251,4
E02005252,5
E02005253,6
E02005254,7
E02005255,9
E02005256,9
E02005257,7
E02005258,9
E02005259,9
E02005260,9
E02005261,9
E02005262,7
E02005263,10
E02005264,10
E02005265,10
E02005266,10
E02005267,10
E02005268,10
E02005269,11
E02005270,1
E02005271,1
E02005272,1
E02005273,5
E02005274,5
E02005275,5
E02005276,1
E02005277,3
E02005278,4
E02005279,3
E02005280,5
E02005281,4
E02005284,3
E02005285,5
E02005286,3
E02005287,11
E02005288,12
E02005289,11
E02005290,12
E02005291,13
E02005292,11
E02005293,11
E02005294,10
E02005295,11
E02005296,10
E02005297,11
E02005298,10
E02005299,10
E02005300,11
E02005301,11
E02005302,10
E02005303,11
E02005304,3
E02005305,7
E02005306,8
E02005307,7
E02005308,6
E02005309,12
E02005310,12
E02005311,7
E02005312,5
E02005313,5
E02005314,6
E02005315,10
E02005316,5
E02005317,5
E02005318,5
E02005319,3
E02005320,3
E02005321,3
E02005322,4
E02005323,3
E02005324,4
E02005325,3
E02005326,4
E02005327,5
E02005328,4
E02005329,5
E02005330,5
E02005331,5
E02005332,5
E02005334,9
E02005335,10
E02005336,9
E02005337,9
E02005338,10
E02005339,10
E02005340,10
E02005341,10
E02005342,11
E02005343,10
E02005344,5
E02005345,1
E02005346,2
E02005347,2
E02005348,1
E02005349,1
E02005350,1
E02005351,1
E02005352,2
E02005353,2
E02005354,2
E02005355,2
E02005356,3
E02005357,4
E02005358,6
E02005359,6
E02005360,6
E02005361,8
E02005362,7
E02005363,10
E02005364,10
E02005365,9
E02005366,9
E02005369,7
E02005370,7
E02005371,6
E02005372,2
E02005373,1
E02005374,1
E02005375,2
E02005376,2
E02005377,4
E02005378,7
E02005379,7
E02005380,2
E02005381,6
E02005382,9
E02005383,4
E02005384,4
E02005385,5
E02005386,5
E02005387,5
E02005388,5
E02005389,5
E02005390,5
E02005392,1
E02005393,2
E02005394,1
E02005395,2
E02005396,1
E02005397,1
E02005398,2
E02005399,2
E02005400,3
E02005401,2
E02005402,2
E02005403,2
E02005404,3
E02005405,1
E02005406,3
E02005407,2
E02005408,2
E02005409,1
E02005412,9
E02005414,9
E02005415,9
E02005416,9
E02005417,1
E02005418,1
E02005419,1
E02005420,1
E02005422,1
E02005423,1
E02005424,2
E02005426,1
E02005427,1
E02005428,1
E02005429,1
E02005431,2
E02005432,1
E02005434,1
E02005436,1
E02005440,1
E02005441,1
E02005442,5
E02005443,5
E02005444,5
E02005445,5
E02005446,6
E02005447,6
E02005448,5
E02005449,6
E02005450,5
E02005451,6
E02005452,6
E02005453,5
E02005455,5
E02005456,4
E02005457,4
E02005458,1
E02005460,1
E02005465,1
E02005467,1
E02005468,1
E02005469,1
E02005470,1
E02005471,1
E02005472,2
E02005473,1
E02005475,2
E02005476,2
E02005477,1
E02005478,1
E02005479,1
E02005480,1
E02005481,1
E02005482,1
E02005484,2
E02005485,1
E02005486,1
E02005488,4
E02005489,4
E02005493,1
E02005495,1
E02005496,3
E02005497,1
E02005498,3
E02005499,5
E02005500,5
E02005501,5
E02005502,5
E02005503,1
E02005504,1
E02005505,1
E02005506,1
E02005507,1
E02005508,2
E02005514,1
E02005516,1
E02005517,1
E02005518,1
E02005519,1
E02005520,1
E02005521,1
E02005522,3
E02005523,4
E02005524,4
E02005525,3
E02005526,4
E02005527,4
E02005528,5
E02005529,5
E02005530,5
E02005531,6
E02005532,6
E02005533,2
E02005534,5
E02005535,5
E02005536,3
E02005540,1
E02005541,1
E02005542,1
E02005543,1
E02005544,1
E02005545,2
E02005546,3
E02005547,3
E02005548,3
E02005549,2
E02005550,3
E02005551,1
E02005552,1
E02005553,1
E02005554,2
E02005555,2
E02005556,3
E02005557,2
E02005558,2
E02005559,2
E02005560,1
E02005561,2
E02005562,1
E02005563,2
E02005564,1
E02005565,2
E02005566,2
E02005570,1
E02005571,1
E02005572,2
E02005573,1
E02005574,2
E02005575,1
E02005576,1
E02005577,1
E02005578,1
E02005579,2
E02005580,1
E02005581,2
E02005582,2
E02005583,1
E02005584,6
E02005585,6
E02005586,6
E02005587,6
E02005588,4
E02005589,5
E02005590,6
E02005592,6
E02005593,5
E02005594,5
E02005595,5
E02005596,5
E02005597,4
E02005598,5
E02005599,4
E02005601,3
E02005602,4
E02005603,2
E02005604,1
E02005605,4
E02005608,1
E02005612,3
E02005613,3
E02005614,2
E02005615,3
E02005616,3
E02005617,3
E02005619,1
E02005620,6
E02005621,2
E02005622,3
E02005623,6
E02005624,3
E02005625,2
E02005626,2
E02005627,3
E02005628,1
E02005630,3
E02005631,2
E02005632,2
E02005633,2
E02005634,2
E02005635,2
E02005636,1
E02005637,1
E02005638,1
E02005639,4
E02005640,3
E02005641,3
E02005642,4
E02005643,4
E02005644,4
E02005645,4
E02005646,4
E02005647,5
E02005648,3
E02005649,4
E02005650,5
E02005651,5
E02005652,5
E02005653,5
E02005654,5
E02005655,5
E02005656,5
E02005657,5
E02005658,5
E02005659,5
E02005660,5
E02005661,5
E02005662,5
E02005663,6
E02005664,5
E02005665,5
E02005666,6
E02005667,6
E02005668,6
E02005669,5
E02005670,6
E02005671,5
E02005672,5
E02005673,6
E02005674,5
E02005675,5
E02005676,5
E02005677,5
E02005678,5
E02005679,5
E02005680,5
E02005681,6
E02005682,5
E02005683,4
E02005684,2
E02005685,2
E02005686,3
E02005687,1
E02005688,4
E02005689,4
E02005690,4
E02005691,4
E02005692,2
E02005693,2
E02005694,1
E02005695,1
E02005696,2
E02005697,2
E02005698,2
E02005699,2
E02005700,4
E02005701,2
E02005702,2
E02005703,2
E02005704,2
E02005706,1
E02005707,1
E02005709,2
E02005710,3
E02005711,2
E02005713,3
E02005714,7
E02005715,5
E02005716,7
E02005717,5
E02005718,5
E02005719,5
E02005720,3
E02005721,2
E02005722,2
E02005723,2
E02005724,3
E02005725,6
E02005726,4
E02005731,1
E02005734,2
E02005735,2
E02005736,2
E02005737,2
E02005738,2
E02005739,2
E02005740,2
E02005741,2
E02005742,1
E02005743,1
E02005745,1
E02005746,1
E02005747,1
E02005748,2
E02005749,2
E02005750,7
E02005751,6
E02005759,1
E02005760,4
E02005761,1
E02005762,1
E02005763,1
E02005764,1
E02005765,1
E02005767,2
E02005768,1
E02005769,2
E02005770,2
E02005771,1
E02005772,2
E02005773,2
E02005774,2
E02005775,2
E02005776,2
E02005777,2
E02005778,1
E02005779,2
E02005780,1
E02005781,2
E02005782,2
E02005799,1
E02005800,1
E02005801,1
E02005802,1
E02005803,1
E02005804,1
E02005805,1
E02005806,1
E02005807,1
E02005808,1
E02005809,3
E02005810,1
E02005811,2
E02005812,3
E02005813,1
E02005814,1
E02005815,1
E02005816,1
E02005817,3
E02005818,2
E02005819,3
E02005820,3
E02005821,4
E02005822,3
E02005823,3
E02005824,3
E02005825,3
E02005826,2
E02005827,3
E02005828,3
E02005829,4
E02005830,4
E02005831,4
E02005832,4
E02005833,4
E02005834,4
E02005835,3
E02005836,1
E02005837,2
E02005838,2
E02005839,2
E02005840,2
E02005842,2
E02005843,2
E02005844,2
E02005846,3
E02005847,3
E02005848,3
E02005849,1
E02005850,4
E02005851,4
E02005852,5
E02005853,5
E02005856,6
E02005857,6
E02005858,4
E02005859,5
E02005860,4
E02005861,4
E02005862,4
E02005863,4
E02005864,4
E02005865,3
E02005866,2
E02005868,3
E02005869,3
E02005870,3
E02005871,3
E02005872,3
E02005873,3
E02005874,3
E02005875,3
E02005876,3
E02005877,3
E02005878,3
E02005879,3
E02005880,2
E02005881,2
E02005882,2
E02005883,3
E02005884,3
E02005885,3
E02005886,2
E02005887,3
E02005888,3
E02005889,3
E02005890,2
E02005891,2
E02005892,3
E02005894,2
E02005895,1
E02005896,1
E02005897,1
E02005898,1
E02005899,1
E02005901,1
E02005902,1
E02005903,1
E02005904,1
E02005905,2
E02005907,1
E02005908,3
E02005909,4
E02005910,4
E02005911,3
E02005912,4
E02005913,3
E02005914,2
E02005915,1
E02005916,4
E02005917,2
E02005918,2
E02005919,1
E02005920,2
E02005922,2
E02005923,2
E02005924,2
E02005925,2
E02005926,2
E02005927,2
E02005928,2
E02005929,3
E02005930,2
E02005931,3
E02005932,1
E02005933,1
E02005934,1
E02005935,1
E02005936,2
E02005937,6
E02005938,6
E02005939,6
E02005940,9
E02005941,7
E02005942,8
E02005943,10
E02005944,10
E02005945,10
E02005946,10
E02005947,10
E02005948,9
E02005949,10
E02005950,10
E02005951,10
E02005952,10
E02005953,10
E02005954,10
E02005955,10
E02005956,10
E02005957,10
E02005958,3
E02005959,10
E02005960,1
E02005961,8
E02005962,1
E02005963,9
E02005964,4
E02005965,1
E02005966,5
E02005967,6
E02005968,2
E02005969,4
E02005970,5
E02005971,5
E02005972,4
E02005973,5
E02005974,5
E02005975,5
E02005976,6
E02005977,7
E02005978,9
E02005979,9
E02005980,9
E02005981,8
E02005982,9
E02005983,10
E02005984,4
E02005985,10
E02005986,1
E02005987,5
E02005988,2
E02005991,2
E02005992,5
E02005993,1
E02005994,1
E02005995,2
E02005996,2
E02005997,2
E02005998,2
E02005999,2
E02006000,2
E02006001,2
E02006002,2
E02006003,5
E02006004,1
E02006005,2
E02006006,2
E02006007,2
E02006008,4
E02006009,5
E02006010,4
E02006011,1
E02006012,1
E02006013,2
E02006014,1
E02006015,1
E02006016,1
E02006017,1
E02006018,1
E02006019,1
E02006022,1
E02006023,1
E02006024,1
E02006025,1
E02006026,1
E02006027,1
E02006028,2
E02006029,2
E02006030,2
E02006031,2
E02006032,2
E02006033,2
E02006034,2
E02006035,2
E02006036,2
E02006037,2
E02006038,2
E02006039,2
E02006040,1
E02006042,1
E02006047,1
E02006048,2
E02006049,1
E02006050,1
E02006051,1
E02006052,1
E02006053,1
E02006054,1
E02006055,2
E02006056,2
E02006059,1
E02006066,1
E02006067,1
E02006068,1
E02006069,1
E02006070,1
E02006071,1
E02006073,1
E02006074,3
E02006075,3
E02006076,3
E02006079,2
E02006080,2
E02006082,1
E02006083,2
E02006084,1
E02006085,2
E02006086,2
E02006087,2
E02006088,2
E02006089,2
E02006090,2
E02006091,2
E02006092,2
E02006094,2
E02006095,2
E02006099,2
E02006100,3
E02006102,3
E02006103,3
E02006104,3
E02006105,3
E02006106,3
E02006107,3
E02006108,3
E02006109,3
E02006110,2
E02006111,1
E02006113,1
E02006114,1
E02006115,1
E02006116,1
E02006118,5
E02006119,5
E02006120,5
E02006121,6
E02006122,6
E02006123,7
E02006124,8
E02006125,7
E02006126,7
E02006127,7
E02006128,10
E02006129,10
E02006130,11
E02006134,2
E02006135,3
E02006136,1
E02006137,2
E02006138,2
E02006139,2
E02006140,2
E02006141,3
E02006142,3
E02006143,2
E02006144,2
E02006145,2
E02006146,4
E02006147,3
E02006148,8
E02006149,4
E02006150,4
E02006151,7
E02006152,8
E02006153,1
E02006154,9
E02006155,9
E02006156,8
E02006157,2
E02006158,9
E02006159,10
E02006160,10
E02006161,9
E02006162,8
E02006163,9
E02006164,9
E02006165,9
E02006166,9
E02006167,8
E02006168,9
E02006169,7
E02006170,7
E02006171,8
E02006172,8
E02006173,3
E02006174,7
E02006175,7
E02006176,1
E02006177,11
E02006178,13
E02006179,10
E02006180,12
E02006181,7
E02006182,5
E02006183,6
E02006184,6
E02006185,12
E02006186,12
E02006187,5
E02006188,6
E02006189,8
E02006190,4
E02006191,2
E02006192,1
E02006193,1
E02006194,1
E02006195,2
E02006196,1
E02006197,1
E02006198,2
E02006199,1
E02006200,1
E02006201,2
E02006202,1
E02006203,2
E02006204,3
E02006205,6
E02006206,7
E02006207,8
E02006208,4
E02006209,3
E02006211,10
E02006212,9
E02006214,1
E02006215,6
E02006217,2
E02006218,2
E02006219,1
E02006220,1
E02006221,1
E02006222,1
E02006223,1
E02006224,1
E02006225,1
E02006226,1
E02006227,2
E02006228,2
E02006229,2
E02006230,3
E02006231,5
E02006232,2
E02006233,2
E02006234,2
E02006235,5
E02006236,2
E02006237,1
E02006238,1
E02006241,1
E02006242,3
E02006243,3
E02006245,3
E02006246,4
E02006247,4
E02006248,3
E02006249,4
E02006250,5
E02006251,4
E02006252,3
E02006253,3
E02006254,5
E02006255,3
E02006256,3
E02006257,5
E02006258,3
E02006259,5
E02006260,3
E02006261,1
E02006264,3
E02006265,2
E02006266,3
E02006267,1
E02006268,1
E02006269,1
E02006270,1
E02006271,1
E02006272,1
E02006273,1
E02006274,2
E02006275,2
E02006276,2
E02006277,3
E02006278,2
E02006279,2
E02006280,2
E02006281,3
E02006282,1
E02006287,2
E02006288,2
E02006289,1
E02006290,1
E02006292,3
E02006294,2
E02006295,3
E02006296,3
E02006297,3
E02006298,2
E02006299,2
E02006300,1
E02006301,1
E02006302,3
E02006303,3
E02006304,3
E02006305,3
E02006306,3
E02006307,3
E02006308,3
E02006309,3
E02006310,3
E02006311,2
E02006312,2
E02006313,4
E02006315,1
E02006316,1
E02006317,59
E02006318,76
E02006319,54
E02006320,35
E02006321,78
E02006322,84
E02006323,39
E02006324,27
E02006325,74
E02006326,28
E02006327,26
E02006328,19
E02006329,56
E02006330,26
E02006331,55
E02006332,13
E02006333,11
E02006334,19
E02006335,104
E02006336,82
E02006337,106
E02006338,82
E02006339,63
E02006341,67
E02006342,64
E02006343,51
E02006344,3
E02006345,7
E02006346,4
E02006347,7
E02006348,4
E02006349,3
E02006350,3
E02006351,3
E02006352,3
E02006353,8
E02006354,3
E02006355,3
E02006356,4
E02006357,8
E02006358,4
E02006359,4
E02006360,4
E02006361,4
E02006362,33
E02006363,26
E02006364,22
E02006365,21
E02006366,15
E02006367,11
E02006368,12
E02006369,14
E02006370,10
E02006371,9
E02006372,6
E02006373,2
E02006374,6
E02006375,66
E02006376,71
E02006377,45
E02006378,39
E02006379,36
E02006380,28
E02006381,27
E02006382,18
E02006383,14
E02006384,16
E02006385,15
E02006386,14
E02006387,13
E02006388,11
E02006389,11
E02006390,7
E02006391,8
E02006392,7
E02006393,10
E02006394,10
E02006395,16
E02006396,11
E02006397,5
E02006398,9
E02006399,3
E02006400,4
E02006401,3
E02006402,3
E02006403,33
E02006404,38
E02006405,37
E02006406,26
E02006407,43
E02006408,50
E02006409,36
E02006410,56
E02006411,23
E02006412,57
E02006413,50
E02006414,34
E02006415,40
E02006416,5
E02006417,8
E02006418,6
E02006419,5
E02006420,5
E02006421,8
E02006422,6
E02006423,6
E02006424,6
E02006425,6
E02006426,6
E02006427,6
E02006429,33
E02006430,30
E02006431,16
E02006432,23
E02006433,6
E02006434,6
E02006435,1
E02006436,6
E02006437,5
E02006438,8
E02006439,5
E02006440,4
E02006441,5
E02006442,3
E02006443,4
E02006444,3
E02006445,4
E02006446,4
E02006447,2
E02006448,4
E02006449,4
E02006450,2
E02006451,2
E02006453,1
E02006456,6
E02006457,5
E02006458,7
E02006459,5
E02006460,7
E02006461,6
E02006462,7
E02006463,6
E02006464,7
E02006465,7
E02006466,6
E02006467,7
E02006468,1
E02006469,1
E02006470,5
E02006471,3
E02006472,7
E02006473,8
E02006474,10
E02006475,7
E02006476,7
E02006477,7
E02006478,7
E02006479,9
E02006480,8
E02006481,8
E02006482,9
E02006483,9
E02006484,8
E02006485,9
E02006486,10
E02006487,10
E02006488,8
E02006489,9
E02006490,8
E02006492,2
E02006493,2
E02006494,2
E02006495,4
E02006496,2
E02006497,3
E02006498,3
E02006499,2
E02006500,2
E02006501,2
E02006502,2
E02006503,2
E02006504,5
E02006505,3
E02006506,2
E02006507,3
E02006508,4
E02006509,2
E02006510,1
E02006511,3
E02006512,1
E02006519,11
E02006520,11
E02006521,9
E02006522,5
E02006523,8
E02006524,7
E02006525,7
E02006526,6
E02006527,6
E02006528,6
E02006529,5
E02006530,6
E02006531,6
E02006532,4
E02006533,6
E02006534,11
E02006535,11
E02006536,8
E02006537,11
E02006538,11
E02006539,8
E02006540,8
E02006541,8
E02006542,6
E02006543,5
E02006544,4
E02006545,4
E02006546,5
E02006547,4
E02006548,5
E02006549,5
E02006550,5
E02006551,5
E02006552,4
E02006553,3
E02006554,4
E02006555,3
E02006556,4
E02006557,3
E02006558,3
E02006559,2
E02006560,2
E02006562,2
E02006563,1
E02006565,1
E02006566,3
E02006567,5
E02006568,2
E02006569,5
E02006570,2
E02006571,3
E02006572,2
E02006575,6
E02006576,7
E02006577,5
E02006578,6
E02006579,6
E02006580,5
E02006581,5
E02006582,6
E02006583,5
E02006584,4
E02006585,5
E02006586,4
E02006587,4
E02006588,5
E02006589,5
E02006590,3
E02006591,5
E02006592,3
E02006593,4
E02006594,2
E02006595,3
E02006596,2
E02006597,2
E02006598,2
E02006599,1
E02006600,1
E02006601,1
E02006602,2
E02006603,5
E02006604,6
E02006605,7
E02006606,4
E02006607,6
E02006608,6
E02006609,4
E02006610,5
E02006611,3
E02006612,3
E02006613,1
E02006614,1
E02006615,2
E02006616,1
E02006617,3
E02006618,2
E02006619,3
E02006620,7
E02006621,7
E02006622,7
E02006623,6
E02006624,7
E02006625,7
E02006626,6
E02006627,7
E02006628,7
E02006629,7
E02006630,7
E02006631,7
E02006632,6
E02006633,6
E02006634,1
E02006635,2
E02006636,1
E02006637,1
E02006638,1
E02006639,1
E02006640,2
E02006641,1
E02006642,1
E02006643,1
E02006646,1
E02006649,1
E02006650,1
E02006653,1
E02006655,1
E02006656,1
E02006657,1
E02006658,1
E02006659,3
E02006660,1
E02006662,1
E02006663,1
E02006664,1
E02006666,1
E02006667,1
E02006668,1
E02006669,1
E02006670,1
E02006671,1
E02006672,1
E02006673,1
E02006674,1
E02006675,1
E02006677,2
E02006678,1
E02006679,1
E02006680,1
E02006681,3
E02006682,3
E02006683,2
E02006684,2
E02006685,2
E02006686,3
E02006687,2
E02006688,2
E02006689,2
E02006690,1
E02006691,1
E02006692,1
E02006693,1
E02006694,1
E02006695,1
E02006696,7
E02006697,6
E02006698,10
E02006699,19
E02006700,16
E02006701,7
E02006702,7
E02006703,5
E02006704,8
E02006705,6
E02006706,6
E02006707,5
E02006708,4
E02006709,5
E02006711,3
E02006712,2
E02006713,2
E02006714,2
E02006715,1
E02006716,1
E02006717,2
E02006718,1
E02006719,1
E02006720,1
E02006721,5
E02006722,4
E02006723,4
E02006724,4
E02006725,3
E02006726,4
E02006727,3
E02006728,3
E02006729,2
E02006730,3
E02006731,3
E02006732,2
E02006733,2
E02006734,3
E02006735,3
E02006736,3
E02006737,3
E02006738,3
E02006739,4
E02006740,4
E02006741,3
E02006742,4
E02006743,3
E02006744,4
E02006745,4
E02006746,4
E02006747,3
E02006748,4
E02006749,4
E02006750,4
E02006751,3
E02006752,3
E02006753,3
E02006754,3
E02006755,2
E02006756,1
E02006759,1
E02006767,5
E02006768,3
E02006769,5
E02006770,4
E02006771,3
E02006772,3
E02006773,4
E02006774,4
E02006775,4
E02006776,5
E02006777,2
E02006778,3
E02006779,4
E02006780,3
E02006782,196
E02006783,266
E02006784,259
E02006785,173
E02006786,157
E02006787,208
E02006788,218
E02006789,17
E02006790,33
E02006791,461
E02006792,487
E02006793,388
E02006794,424
E02006795,127
E02006796,102
E02006798,539
E02006799,85
E02006800,99
E02006801,639
E02006802,635
E02006803,8
E02006804,7
E02006805,10
E02006806,8
E02006807,21
E02006808,19
E02006809,26
E02006810,27
E02006811,8
E02006812,8
E02006813,9
E02006814,9
E02006815,8
E02006816,7
E02006817,9
E02006818,9
E02006819,9
E02006820,9
E02006821,11
E02006822,11
E02006823,7
E02006824,5
E02006825,3
E02006826,3
E02006827,2
E02006828,6
E02006829,5
E02006830,6
E02006831,8
E02006832,15
E02006833,9
E02006834,3
E02006835,3
E02006836,96
E02006837,86
E02006838,1
E02006839,1
E02006840,2
E02006841,12
E02006842,12
E02006843,10
E02006844,10
E02006847,1
E02006848,1
E02006849,1
E02006850,10
E02006851,10
E02006852,16
E02006853,513
E02006854,525
E02006855,1
E02006856,1
E02006858,1
E02006859,16
E02006860,13
E02006861,15
E02006862,3
E02006863,3
E02006864,1
E02006865,1
E02006866,4
E02006867,4
E02006868,10
E02006869,9
E02006871,4
E02006872,3
E02006873,2
E02006874,2
E02006875,14
E02006876,15
E02006877,7
E02006878,7
E02006879,1
E02006881,6
E02006882,196
E02006883,3
E02006884,5
E02006885,3
E02006886,1
E02006887,13
E02006888,12
E02006889,12
E02006890,12
E02006891,1
E02006892,1
E02006893,8
E02006894,15
E02006895,23
E02006896,24
E02006897,26
E02006898,24
E02006899,24
E02006900,23
E02006901,23
E02006902,26
E02006903,3
E02006904,4
E02006905,4
E02006906,4
E02006907,6
E02006908,6
E02006909,3
E02006910,8
E02006911,9
E02006912,28
E02006913,21
E02006914,25
E02006915,17
E02006916,22
E02006917,29
E02006918,541
E02006919,3
E02006920,3
E02006921,541
E02006922,2
E02006924,176
E02006925,179
E02006926,14
E02006927,365
E02006928,528
E02006929,448
E02006930,453
E02006931,516
E02006932,14
E02006933,13
E02006934,10
